-- DELETE ALL DATA --

DELETE FROM profile;
DELETE FROM sign_up;
DELETE FROM favourite;
DELETE FROM event_cause;
DELETE FROM organisation;
DELETE FROM individual;
DELETE FROM event;
DELETE FROM complaint;
DELETE FROM authentication;
DELETE FROM selected_cause;
DELETE FROM report_user;
DELETE FROM setting;
DELETE FROM reset;
DELETE FROM "user";
DELETE FROM registration;
DELETE FROM cause;
DELETE FROM information;
DELETE FROM address;

ALTER SEQUENCE address_id_seq RESTART WITH 1;

-- Address --

INSERT INTO "address" (address_1,
                       address_2,
                       postcode,
                       city,
                       region,
                       lat,long)
VALUES ('2690 Donec St.','P.O. Box 173, 6377 Nec Rd.','25308','Pamplona','Navarra',48,12),
       ('7175 Nibh St.','223-1483 Lectus. Ave','9735','Uberlândia','Minas Gerais',46,70),
       ('315-2919 Libero Road','768-3328 Odio Av.','2171','Legnica','Dolnośląskie',-88,88),
       ('P.O. Box 557, 869 Accumsan St.','P.O. Box 789, 6002 Dui Road','4499 QO','Neuss','NW',0,150),
       ('181-9764 Enim. Street','300-9072 Odio Street','22684','Lo Espejo','RM',46,-110),
       ('342-8693 Nisl. Road','782-3407 At, Rd.','17786','Galway','C',-37,-110),
       ('968 Parturient Road','P.O. Box 182, 3728 Mauris St.','188961','Grantham','LI',67,-83),
       ('1005 Praesent Rd.','9689 Mollis. Avenue','26528','Envigado','ANT',-76,-136),
       ('968-2107 Luctus, Avenue','319-7621 Mollis. Road','J6H 0W3','East Jakarta','Special Capital Region of Jakarta',-33,-33),
       ('441-4073 Arcu St.','572-4289 Elementum St.','59129-876','Ödemiş','İzm',-73,-78),
       ('316-5168 Sapien, St.','791-8260 Vitae, Road','34289','Villahermosa','Tab',7,-108),
       ('Ap #832-957 Phasellus Av.','P.O. Box 537, 9829 Proin Rd.','58043','Montese','Emilia-Romagna',-69,-24),
       ('9844 Felis Avenue','304-8445 Erat Street','177520','Thorold','ON',40,-158),
       ('2068 Nam Av.','P.O. Box 972, 4344 Purus. Av.','541677','Finspång','Östergötlands län',78,28),
       ('5296 Nulla Av.','982-9169 Ante Road','18258','Carovilli','MOL',-84,10),
       ('P.O. Box 896, 2404 Vulputate, Rd.','P.O. Box 693, 5265 Sed Rd.','2310','Oyen','Alberta',-67,176),
       ('707-523 Ac St.','596 Ac, Rd.','21862','The Hague','Zuid Holland',-52,-61),
       ('4054 Magnis St.','796-172 Nisi Road','77520','Mérida','Yuc',61,-16),
       ('933-9700 Dignissim St.','3851 Imperdiet, Rd.','73157','Ankara','Ankara',-45,-177),
       ('P.O. Box 827, 7314 Sed Rd.','2199 Justo. Street','9357','Gore','SI',50,120),
       ('P.O. Box 435, 7859 Ac, Av.','Ap #806-1501 Purus St.','511765','Ansan','Gyeonggi',-65,18),
       ('9163 Tellus. Avenue','588-1111 Risus. Av.','8789','Borgomaro','Liguria',35,-130),
       ('Ap #861-9995 Vestibulum Ave','P.O. Box 290, 4779 Mi St.','253384','Holyhead','AG',73,-79),
       ('254-6339 Vitae St.','9705 Cursus Rd.','Q1U 3AF','Pishin Valley','BL',68,-25),
       ('6867 Tincidunt Rd.','P.O. Box 207, 8953 Nunc St.','839415','Selkirk','Selkirkshire',-23,117),
       ('130-4737 Hendrerit Av.','5567 Augue, Rd.','1081','Banjarbaru','KS',-18,32),
       ('8419 Montes, Road','3191 Eget Avenue','330796','Rewa','Madhya Pradesh',-12,-150),
       ('2759 Id Rd.','6149 Ornare Av.','95891','Ibadan','OY',0,84),
       ('8766 Accumsan Rd.','637-4714 Sed, Street','508303','Águas Lindas de Goiás','GO',-10,-156),
       ('Ap #125-5802 Sit Street','2750 Non Rd.','82383-75214','San José de Alajuela','A',-68,32),
       ('Ap #694-7413 Vel, Rd.','6162 Quis Street','72692','Carmen','C',-37,166),
       ('820-3371 Amet St.','7663 Diam Rd.','10808','Rostov','ROS',-50,100),
       ('Ap #650-9046 Dictum Street','670-7526 Non Av.','Z5186','Qambar Shahdadkot','Sindh',23,-101),
       ('1627 Venenatis St.','5476 Tellus Avenue','8384','Çaldıran','Van',50,-33),
       ('Ap #849-2738 Vestibulum Road','461-8784 Mus. St.','20800','Turgutlu','Manisa',-47,-67),
       ('Ap #105-8755 In St.','P.O. Box 239, 368 A, St.','6929','Isla de Maipo','RM',-88,101),
       ('Ap #575-1265 Lobortis, St.','243-4592 Et, Road','60501','Dublin','L',-28,-134),
       ('4259 Fringilla Av.','5590 Non Road','658081','Toulon','Provence-Alpes-Côte d''Azur',-55,-157),
       ('Ap #596-781 Velit. Ave','Ap #469-5341 Duis Rd.','90600-100','Casnate con Bernate','Lombardia',-80,147),
       ('Ap #944-8663 Scelerisque St.','5593 Lectus Street','60793','Girona','CA',-83,-3),
       ('360-1711 Ut Street','P.O. Box 850, 792 Molestie Rd.','61719-10232','Åkersberga','AB',68,-14),
       ('Ap #168-5085 In Rd.','326-9756 Vitae St.','368927','Uiwang','Gyeonggi',31,83),
       ('P.O. Box 838, 1656 Egestas St.','533-7782 Metus. Avenue','8451 QV','Flin Flon','Manitoba',-30,167),
       ('7447 Semper Ave','709-6369 Tellus Ave','31805','Falun','W',40,12),
       ('Ap #597-6581 In Road','Ap #885-3752 Proin Road','3619','Duluth','Minnesota',-85,105),
       ('912-7033 Ac Rd.','8829 Cursus St.','03036','San Jose','California',30,119),
       ('Ap #750-8907 Etiam Street','P.O. Box 775, 4655 Eu Avenue','49-335','Bilbo','PV',20,-175),
       ('1927 Luctus Street','Ap #310-6586 Consequat Av.','J7S 4R8','Ivanovo','Ivanovo Oblast',5,78),
       ('P.O. Box 544, 7787 Sem Rd.','P.O. Box 978, 1809 Phasellus Av.','10319','Silifke','Mersin',56,132),
       ('4889 Vitae Ave','Ap #521-8400 Enim St.','60116','Caledon','Ontario',-41,-151),
       ('P.O. Box 417, 2393 Lacus. Ave','4343 Aenean Street','4301','Santa Coloma de Gramenet','CA',16,165),
       ('Ap #149-5369 Luctus Street','Ap #136-7577 Dapibus Ave','08988','Schoonaarde','Oost-Vlaanderen',0,115),
       ('2158 Sit Road','7207 Bibendum Avenue','1876','Yongin','Gyeonggi',-81,-56),
       ('7884 Quis Street','Ap #317-9093 Lectus St.','613458','Melbourne','Victoria',-29,18),
       ('694-7546 Eget Av.','Ap #403-5789 Erat. Av.','55875-14398','Hallein','Sbg',47,179),
       ('410-3453 Purus. St.','920-196 Vitae Street','903108','Valéncia','Comunitat Valenciana',-40,71),
       ('1916 Nec St.','3255 Nullam Rd.','55563','Magangué','Bolívar',75,-176),
       ('366-6149 Conubia Avenue','112-4180 Lectus. St.','08897','Wanganui','North Island',30,-124),
       ('Ap #749-1435 A, Av.','1727 Ipsum. Road','714456','Vienna','Vienna',39,86),
       ('P.O. Box 396, 2200 Risus Avenue','Ap #558-7905 Praesent Rd.','4669','Hawera','NI',-55,27),
       ('P.O. Box 791, 7113 Lobortis Avenue','434-323 Tellus, St.','E5M 0L1','Ulyanovsk','Ulyanovsk Oblast',82,-30),
       ('Ap #103-3077 Eu St.','P.O. Box 970, 5033 Tincidunt, Street','2564','Bridgeport','Connecticut',-54,67),
       ('P.O. Box 685, 3859 Convallis St.','317-9073 Massa. Av.','743491','Dubuisson','QC',-47,-69),
       ('2486 Ipsum. Street','4967 Nullam Road','921430','Barcelona','Catalunya',41,-162),
       ('P.O. Box 335, 9879 Aliquet St.','890-927 Augue Rd.','31210','Lahore','SI',-38,-84),
       ('P.O. Box 670, 6272 Sem Ave','788 Ullamcorper Rd.','00147','Finspång','Östergötlands län',85,-174),
       ('802-9900 Eu St.','456-605 Dolor. Street','135292','Hualqui','VII',57,-170),
       ('6958 Mauris Ave','P.O. Box 256, 4559 Amet, St.','20790','Quinta Normal','Metropolitana de Santiago',37,180),
       ('4163 Eget Av.','9427 Justo Street','1929 MA','Lahore','PU',-27,-169),
       ('Ap #412-1928 Faucibus Rd.','Ap #224-704 Mauris St.','461063','Semarang','Central Java',-65,35),
       ('Ap #599-9839 Nec Rd.','996-3596 Hendrerit St.','01084','Vienna','Vienna',24,-92),
       ('200-5668 Mauris Rd.','P.O. Box 920, 130 Laoreet St.','888202','Vienna','Wie',-68,-8),
       ('9947 Mi Road','P.O. Box 459, 5540 Pellentesque St.','Z8354','Shimla','Himachal Pradesh',-65,-175),
       ('Ap #963-8038 Vitae Rd.','Ap #329-4655 Felis, St.','11510','Drancy','Île-de-France',-42,-178),
       ('3142 Sit Rd.','P.O. Box 125, 8107 Diam Road','7096','Cusco','CUS',30,13),
       ('P.O. Box 270, 6515 Egestas Ave','536-9398 Blandit St.','2410','Buguma','Rivers',-1,99),
       ('Ap #960-3112 Nulla Street','Ap #419-8094 Pede Rd.','311178','Tuxtla Gutiérrez','Chiapas',65,178),
       ('2716 Sociis Ave','Ap #840-8548 Sed Avenue','30305-44292','Pacasmayo','La Libertad',-79,174),
       ('Ap #435-1384 Aenean St.','P.O. Box 113, 9860 Posuere St.','567456','Alajuela','Alajuela',-11,66),
       ('273-3541 Nulla Av.','Ap #294-1703 Convallis St.','18956','Spaniard''s Bay','Newfoundland and Labrador',-28,55),
       ('4399 Sit Avenue','Ap #758-339 Imperdiet Rd.','06422-963','Nadiad','GJ',39,-111),
       ('9944 Facilisis Road','907 Laoreet Av.','47766','Poitiers','PO',21,-88),
       ('P.O. Box 702, 5464 Donec St.','6706 Ullamcorper, Rd.','04074','Marcq-en-Baroeul','Nord-Pas-de-Calais',59,24),
       ('P.O. Box 641, 8965 Lacus. Ave','Ap #479-4777 Facilisis. Street','21717','Vienna','Wie',-6,107),
       ('P.O. Box 541, 6493 Sociis Ave','Ap #572-7974 Nam Road','34921-78907','Pointe-Claire','Quebec',-39,-137),
       ('Ap #726-4877 Egestas Rd.','721-6448 Nunc. Street','15584-85583','Cork','Munster',-90,125),
       ('P.O. Box 383, 250 Sed St.','Ap #192-5617 Ut, St.','557399','Whangarei','NI',-36,107),
       ('Ap #433-1386 Facilisis Rd.','Ap #201-7315 Duis Avenue','6514','Turbo','Antioquia',18,138),
       ('513-1339 Lacus. Road','Ap #942-3028 Morbi Avenue','K4S 8V7','Białystok','Podlaskie',79,-149),
       ('799-754 Nam St.','Ap #540-2089 Mi. Street','197934','Pincher Creek','Alberta',-79,104),
       ('7479 Phasellus St.','9667 Laoreet, St.','31209','Rionegro','ANT',23,143),
       ('7371 Et Road','Ap #220-8410 In Street','08028','Placilla','O''Higgins',-61,111),
       ('6788 Adipiscing St.','482-5707 Nam Road','27971','Newcastle','New South Wales',19,-109),
       ('176 Ligula. St.','808 Amet, St.','540646','Keswick','CU',-83,61),
       ('Ap #910-8052 Aliquet, Rd.','6000 Quis, Avenue','59450','León','CL',-37,-177),
       ('Ap #129-633 Dictum. Road','P.O. Box 537, 7512 Cras St.','665274','Dera Ghazi Khan','Sindh',-78,57),
       ('538-6849 Nec Avenue','436-2208 Ullamcorper Road','118187','Akhisar','Man',29,-91),
       ('Ap #422-7273 Fusce Rd.','9588 Nulla Rd.','7738','Tehuacán','Pue',-89,118),
       ('636 Convallis, Rd.','Ap #285-2723 Ultrices. Street','22446','Ryazan','RYA',69,-52),
       ('P.O. Box 368, 1066 Sed Ave','Ap #991-9557 Dui Rd.','O8L 0FY','Konya','Konya',-75,-140);


ALTER SEQUENCE cause_id_seq RESTART WITH 1;

-- Cause --

INSERT INTO "cause" (name,
                     description,
                     title)
VALUES ('Nullam','Morbi accumsan laoreet ipsum. Curabitur','et magnis dis'),
       ('neque.','quis, pede. Suspendisse dui. Fusce','Sed diam lorem,'),
       ('commodo','purus, accumsan interdum libero dui','fermentum vel, mauris.'),
       ('pellentesque','nonummy. Fusce fermentum fermentum arcu.','Vivamus non lorem'),
       ('lorem','malesuada ut, sem. Nulla interdum.','purus mauris a'),
       ('quis,','montes, nascetur ridiculus mus. Aenean','orci, adipiscing non,'),
       ('massa.','et, rutrum non, hendrerit id,','Nullam feugiat placerat'),
       ('Donec','sed, est. Nunc laoreet lectus','enim. Sed nulla'),
       ('urna.','a felis ullamcorper viverra. Maecenas','in felis. Nulla'),
       ('sem.','facilisis vitae, orci. Phasellus dapibus','augue porttitor interdum.'),
       ('nec','sit amet, consectetuer adipiscing elit.','dapibus ligula. Aliquam'),
       ('semper','mauris blandit mattis. Cras eget','parturient montes, nascetur'),
       ('facilisis','morbi tristique senectus et netus','dignissim tempor arcu.'),
       ('pellentesque,','ad litora torquent per conubia','vestibulum nec, euismod'),
       ('Mauris','egestas nunc sed libero. Proin','vestibulum. Mauris magna.'),
       ('scelerisque','sem magna nec quam. Curabitur','mauris. Morbi non'),
       ('eu','id, ante. Nunc mauris sapien,','Vestibulum ut eros'),
       ('risus,','odio, auctor vitae, aliquet nec,','et malesuada fames'),
       ('lacus.','Donec luctus aliquet odio. Etiam','Vestibulum accumsan neque'),
       ('erat,','scelerisque neque. Nullam nisl. Maecenas','urna et arcu'),
       ('diam','non dui nec urna suscipit','Integer in magna.'),
       ('ac','velit justo nec ante. Maecenas','diam. Proin dolor.'),
       ('sagittis','volutpat. Nulla facilisis. Suspendisse commodo','Phasellus elit pede,'),
       ('enim','tellus lorem eu metus. In','parturient montes, nascetur'),
       ('erat.','Proin sed turpis nec mauris','quis urna. Nunc'),
       ('sit','turpis vitae purus gravida sagittis.','eget, dictum placerat,'),
       ('Duis','interdum enim non nisi. Aenean','mauris erat eget'),
       ('ligula.','sodales purus, in molestie tortor','Aenean massa. Integer'),
       ('auctor,','orci tincidunt adipiscing. Mauris molestie','at lacus. Quisque'),
       ('malesuada','eget magna. Suspendisse tristique neque','neque non quam.'),
       ('tempor','Sed id risus quis diam','ac turpis egestas.'),
       ('sapien','lobortis quis, pede. Suspendisse dui.','eu odio tristique'),
       ('Quisque','massa rutrum magna. Cras convallis','sed dui. Fusce'),
       ('nunc','non enim commodo hendrerit. Donec','lorem, auctor quis,'),
       ('nulla.','orci sem eget massa. Suspendisse','quis lectus. Nullam'),
       ('ac,','ut lacus. Nulla tincidunt, neque','aliquet vel, vulputate'),
       ('amet,','pharetra. Nam ac nulla. In','a odio semper'),
       ('sociis','molestie. Sed id risus quis','Vivamus rhoncus. Donec'),
       ('metus.','arcu. Aliquam ultrices iaculis odio.','nunc. Quisque ornare'),
       ('tincidunt.','arcu ac orci. Ut semper','dignissim pharetra. Nam'),
       ('Duis','amet ultricies sem magna nec','viverra. Donec tempus,'),
       ('aliquam','Fusce mollis. Duis sit amet','Nulla interdum. Curabitur'),
       ('magna.','dignissim lacus. Aliquam rutrum lorem','fringilla. Donec feugiat'),
       ('adipiscing','metus. In nec orci. Donec','at risus. Nunc'),
       ('accumsan','egestas ligula. Nullam feugiat placerat','ac mattis velit'),
       ('elit,','tellus non magna. Nam ligula','tincidunt orci quis'),
       ('eu','Duis cursus, diam at pretium','porttitor vulputate, posuere'),
       ('a,','quis turpis vitae purus gravida','eu, ligula. Aenean'),
       ('Vivamus','at pede. Cras vulputate velit','Mauris quis turpis'),
       ('eu','accumsan convallis, ante lectus convallis','diam. Duis mi'),
       ('feugiat','lorem fringilla ornare placerat, orci','a, dui. Cras'),
       ('viverra.','ullamcorper eu, euismod ac, fermentum','Cum sociis natoque'),
       ('Suspendisse','ligula tortor, dictum eu, placerat','consequat dolor vitae'),
       ('nunc','orci lacus vestibulum lorem, sit','rhoncus. Nullam velit'),
       ('nec','eu odio tristique pharetra. Quisque','amet diam eu'),
       ('sed','nec ante. Maecenas mi felis,','vitae, erat. Vivamus'),
       ('ante,','urna suscipit nonummy. Fusce fermentum','aliquet. Phasellus fermentum'),
       ('facilisis','dolor dolor, tempus non, lacinia','placerat velit. Quisque'),
       ('amet,','vulputate ullamcorper magna. Sed eu','odio. Phasellus at'),
       ('at','ullamcorper magna. Sed eu eros.','euismod in, dolor.'),
       ('enim.','metus. Vivamus euismod urna. Nullam','Fusce diam nunc,'),
       ('augue','sodales elit erat vitae risus.','urna suscipit nonummy.'),
       ('tristique','et tristique pellentesque, tellus sem','ultrices a, auctor'),
       ('Phasellus','sed turpis nec mauris blandit','justo. Praesent luctus.'),
       ('Integer','tortor, dictum eu, placerat eget,','ornare egestas ligula.'),
       ('molestie','semper. Nam tempor diam dictum','consectetuer, cursus et,'),
       ('consectetuer','elit, pretium et, rutrum non,','a sollicitudin orci'),
       ('Vestibulum','ut erat. Sed nunc est,','egestas ligula. Nullam'),
       ('tempus','molestie sodales. Mauris blandit enim','In nec orci.'),
       ('penatibus','pharetra sed, hendrerit a, arcu.','volutpat nunc sit'),
       ('Donec','dignissim magna a tortor. Nunc','sollicitudin orci sem'),
       ('a,','lorem lorem, luctus ut, pellentesque','sollicitudin orci sem'),
       ('Mauris','nibh vulputate mauris sagittis placerat.','lobortis risus. In'),
       ('dictum','malesuada augue ut lacus. Nulla','eros non enim'),
       ('nunc.','eu augue porttitor interdum. Sed','ornare lectus justo'),
       ('blandit','odio sagittis semper. Nam tempor','libero at auctor'),
       ('Maecenas','ultricies sem magna nec quam.','Curabitur egestas nunc'),
       ('ante','amet, dapibus id, blandit at,','Ut tincidunt orci'),
       ('felis.','erat nonummy ultricies ornare, elit','eleifend egestas. Sed'),
       ('ut','Nullam enim. Sed nulla ante,','Nullam ut nisi'),
       ('urna','Vivamus non lorem vitae odio','metus. Aliquam erat'),
       ('nulla.','Donec egestas. Duis ac arcu.','fringilla est. Mauris'),
       ('semper','montes, nascetur ridiculus mus. Donec','eget mollis lectus'),
       ('nibh','risus. Donec egestas. Duis ac','nec ante. Maecenas'),
       ('dolor','ligula. Aliquam erat volutpat. Nulla','in sodales elit'),
       ('felis.','mus. Donec dignissim magna a','Nunc pulvinar arcu'),
       ('turpis','Cras sed leo. Cras vehicula','nibh enim, gravida'),
       ('vulputate','vitae purus gravida sagittis. Duis','nisi sem semper'),
       ('Etiam','posuere cubilia Curae; Donec tincidunt.','natoque penatibus et'),
       ('rutrum.','gravida sit amet, dapibus id,','magna. Cras convallis'),
       ('sem.','magna. Praesent interdum ligula eu','porttitor tellus non'),
       ('elit.','vestibulum massa rutrum magna. Cras','in sodales elit'),
       ('laoreet,','Suspendisse eleifend. Cras sed leo.','suscipit nonummy. Fusce'),
       ('erat.','euismod urna. Nullam lobortis quam','massa. Integer vitae'),
       ('nunc','Curae; Donec tincidunt. Donec vitae','sem elit, pharetra'),
       ('Curabitur','semper egestas, urna justo faucibus','elementum, lorem ut'),
       ('vulputate','in, dolor. Fusce feugiat. Lorem','faucibus ut, nulla.'),
       ('est','quis, pede. Praesent eu dui.','in felis. Nulla'),
       ('velit','eros. Nam consequat dolor vitae','bibendum sed, est.'),
       ('nibh','a mi fringilla mi lacinia','aliquet magna a');

-- Registration --

INSERT INTO "registration" (email,
                            email_flag,
                            id_flag,
                            phone_flag,
                            sign_up_flag)
VALUES ('elementum@velitSedmalesuada.ca',0,0,1,0),
       ('magna.Sed.eu@eget.org',0,0,0,0),
       ('nunc.Quisque.ornare@maurisanunc.co.uk',1,0,0,1),
       ('augue.eu@ipsumDonec.co.uk',1,0,0,1),
       ('Donec.sollicitudin@Vivamusrhoncus.org',0,1,0,1),
       ('pellentesque.eget@ultrices.com',0,1,1,1),
       ('erat.in.consectetuer@ligula.com',1,0,1,0),
       ('mollis@malesuadaut.com',0,1,1,1),
       ('erat.eget.tincidunt@loremloremluctus.ca',0,1,0,0),
       ('arcu@Proinvelarcu.org',1,0,0,0),
       ('iaculis.lacus.pede@eratvolutpat.co.uk',1,1,0,1),
       ('mollis.Duis.sit@actellus.net',1,0,1,0),
       ('placerat.Cras@sagittis.ca',0,0,1,0),
       ('enim@vitaepurus.ca',1,1,1,1),
       ('congue.In@eratvolutpat.com',0,0,1,0),
       ('vitae.sodales.nisi@afacilisis.ca',0,1,1,0),
       ('ultrices@eteuismodet.com',1,1,0,1),
       ('sed.turpis@semper.edu',1,1,1,1),
       ('Cras@quam.co.uk',1,1,0,1),
       ('id.nunc.interdum@sed.ca',1,0,0,0),
       ('Nullam@laoreetipsum.com',0,1,0,0),
       ('rhoncus@anunc.co.uk',0,0,1,1),
       ('risus.a.ultricies@liberoProinmi.org',0,1,1,1),
       ('Nulla@condimentumegetvolutpat.com',0,1,1,1),
       ('erat@elementumduiquis.ca',0,0,0,1),
       ('mus.Aenean@erat.edu',1,1,1,0),
       ('nisl@atortor.co.uk',1,1,0,1),
       ('magna.et@liberoIntegerin.ca',0,0,0,0),
       ('tortor@nasceturridiculusmus.co.uk',1,0,1,0),
       ('libero.Integer.in@turpis.ca',1,0,0,1),
       ('Duis@malesuadamalesuada.com',1,0,0,1),
       ('sem.ut@necorci.com',1,1,1,1),
       ('consectetuer.adipiscing@purussapien.org',1,0,0,1),
       ('consectetuer@risusMorbi.edu',1,0,1,1),
       ('a.enim@ligulaAliquamerat.ca',0,0,0,0),
       ('condimentum.eget.volutpat@odiosagittis.com',0,1,1,1),
       ('euismod.est.arcu@nonquamPellentesque.co.uk',0,1,1,1),
       ('Fusce.mollis.Duis@egetipsumSuspendisse.edu',1,1,0,0),
       ('eleifend.vitae@adipiscingelit.com',0,0,1,1),
       ('mollis.non.cursus@In.ca',0,1,1,0),
       ('ornare.In.faucibus@acurna.org',0,0,0,0),
       ('cursus.a@nec.edu',1,0,1,0),
       ('vitae.velit.egestas@nequenon.co.uk',0,1,0,0),
       ('Sed.molestie.Sed@leo.ca',1,1,0,1),
       ('tristique.ac.eleifend@bibendumDonec.ca',1,0,1,1),
       ('consectetuer@id.co.uk',1,1,0,0),
       ('enim@egetmassaSuspendisse.org',0,0,0,0),
       ('gravida@Pellentesqueultriciesdignissim.com',1,1,0,1),
       ('Nam.ac@estcongue.co.uk',1,0,0,0),
       ('dui@congue.com',0,1,0,0),
       ('feugiat.Lorem.ipsum@egestaslaciniaSed.org',0,0,1,1),
       ('lacus.vestibulum@molestiedapibusligula.edu',0,0,1,1),
       ('risus@nisi.org',1,1,1,0),
       ('nunc.Quisque@Etiamgravidamolestie.edu',0,1,1,1),
       ('sed.consequat@ac.co.uk',0,0,0,1),
       ('nulla.In@nibhvulputate.com',1,1,1,0),
       ('ligula@erosNam.com',0,1,0,0),
       ('orci.sem.eget@est.co.uk',1,0,0,1),
       ('semper.et.lacinia@ametnullaDonec.edu',0,0,1,0),
       ('eu.arcu.Morbi@tinciduntnuncac.co.uk',0,0,1,0),
       ('ridiculus.mus.Aenean@erosNamconsequat.co.uk',1,1,1,1),
       ('iaculis.lacus.pede@imperdiet.edu',1,1,1,0),
       ('a.felis.ullamcorper@gravidanuncsed.ca',1,0,1,0),
       ('semper.tellus@commodoauctorvelit.com',0,0,1,0),
       ('Cras.interdum@sapienmolestie.org',1,1,1,1),
       ('Donec@acurna.org',0,0,1,0),
       ('mattis@nuncnullavulputate.org',1,1,1,1),
       ('mattis.Integer@Phasellusvitae.net',1,1,0,0),
       ('augue@famesacturpis.net',1,0,0,0),
       ('eget@pede.edu',0,1,1,1),
       ('cursus.in@Aliquamrutrumlorem.edu',0,0,1,1),
       ('magnis.dis@gravidaPraesenteu.com',0,0,1,0),
       ('sem.elit@anteNunc.com',0,1,1,1),
       ('euismod@amet.net',1,0,0,1),
       ('nec@in.ca',0,1,1,1),
       ('magna@sagittisaugueeu.edu',0,1,1,0),
       ('molestie@faucibusleo.org',1,1,0,0),
       ('Vestibulum.ut.eros@risusquis.org',1,0,1,0),
       ('Nulla@elitAliquam.org',1,1,0,1),
       ('mauris@risusMorbi.org',0,1,1,1),
       ('at.libero@Suspendissetristiqueneque.edu',1,1,1,0),
       ('non@consequat.net',0,1,1,1),
       ('sit@posuere.com',0,0,1,1),
       ('Morbi.vehicula@arcu.com',0,1,0,1),
       ('vulputate.ullamcorper.magna@atpretiumaliquet.net',1,0,1,0),
       ('vestibulum@aliquamiaculis.com',0,1,1,1),
       ('vel.sapien.imperdiet@Crasdolordolor.com',1,1,1,1),
       ('lectus.pede.et@euismod.net',0,1,0,0),
       ('Etiam.vestibulum.massa@Curabiturconsequatlectus.edu',1,1,1,1),
       ('at.velit.Pellentesque@porttitorscelerisque.com',0,1,0,0),
       ('eget.mollis.lectus@vel.com',0,1,1,1),
       ('quis.pede@nec.net',0,1,0,1),
       ('primis@facilisi.com',0,1,0,0),
       ('mauris.sit@euligulaAenean.org',0,0,1,0),
       ('Integer.id.magna@arcu.edu',0,0,1,1),
       ('malesuada@dictum.edu',1,0,1,1),
       ('feugiat.nec@lectusrutrumurna.net',1,1,0,1),
       ('sit.amet@nequeetnunc.com',1,0,1,1),
       ('sed.libero@auctor.com',1,1,1,1),
       ('ridiculus@utmiDuis.org',0,0,0,1);


ALTER SEQUENCE user_id_seq RESTART WITH 1;

-- User --

INSERT INTO "user" (email,
                    username,
                    password_hash,
                    verified,
                    salt,
                    date_registered)
VALUES ('elementum@velitSedmalesuada.ca','Aliquam','bd25f93e765c380a414d1cb7887a9cfcf5394fbc36443810256df3ce39f7ab32','false','5e884898da28047151d0e56f8dc6292773603d0d6aabbdd62a11ef721d1542d8','2019-12-10 00:00:00-00'),
       ('magna.Sed.eu@eget.org','Aenean','bd25f93e765c380a414d1cb7887a9cfcf5394fbc36443810256df3ce39f7ab32','true','5e884898da28047151d0e56f8dc6292773603d0d6aabbdd62a11ef721d1542d8','2019-11-19 00:00:00-00'),
       ('nunc.Quisque.ornare@maurisanunc.co.uk','fringilla','bd25f93e765c380a414d1cb7887a9cfcf5394fbc36443810256df3ce39f7ab32','true','5e884898da28047151d0e56f8dc6292773603d0d6aabbdd62a11ef721d1542d8','2019-10-17 00:00:00-00'),
       ('augue.eu@ipsumDonec.co.uk','arcu','bd25f93e765c380a414d1cb7887a9cfcf5394fbc36443810256df3ce39f7ab32','true','5e884898da28047151d0e56f8dc6292773603d0d6aabbdd62a11ef721d1542d8','2019-07-08 00:00:00-00'),
       ('Donec.sollicitudin@Vivamusrhoncus.org','neque.','bd25f93e765c380a414d1cb7887a9cfcf5394fbc36443810256df3ce39f7ab32','true','5e884898da28047151d0e56f8dc6292773603d0d6aabbdd62a11ef721d1542d8','2019-12-24 00:00:00-00'),
       ('pellentesque.eget@ultrices.com','metus','bd25f93e765c380a414d1cb7887a9cfcf5394fbc36443810256df3ce39f7ab32','false','5e884898da28047151d0e56f8dc6292773603d0d6aabbdd62a11ef721d1542d8','2019-06-08 00:00:00-00'),
       ('erat.in.consectetuer@ligula.com','est','bd25f93e765c380a414d1cb7887a9cfcf5394fbc36443810256df3ce39f7ab32','false','5e884898da28047151d0e56f8dc6292773603d0d6aabbdd62a11ef721d1542d8','2019-07-16 00:00:00-00'),
       ('mollis@malesuadaut.com','metus','bd25f93e765c380a414d1cb7887a9cfcf5394fbc36443810256df3ce39f7ab32','false','5e884898da28047151d0e56f8dc6292773603d0d6aabbdd62a11ef721d1542d8','2019-03-15 00:00:00-00'),
       ('erat.eget.tincidunt@loremloremluctus.ca','mi','bd25f93e765c380a414d1cb7887a9cfcf5394fbc36443810256df3ce39f7ab32','false','5e884898da28047151d0e56f8dc6292773603d0d6aabbdd62a11ef721d1542d8','2019-03-13 00:00:00-00'),
       ('arcu@Proinvelarcu.org','tincidunt','bd25f93e765c380a414d1cb7887a9cfcf5394fbc36443810256df3ce39f7ab32','true','5e884898da28047151d0e56f8dc6292773603d0d6aabbdd62a11ef721d1542d8','2019-04-10 00:00:00-00'),
       ('iaculis.lacus.pede@eratvolutpat.co.uk','dolor.','bd25f93e765c380a414d1cb7887a9cfcf5394fbc36443810256df3ce39f7ab32','false','5e884898da28047151d0e56f8dc6292773603d0d6aabbdd62a11ef721d1542d8','2019-09-19 00:00:00-00'),
       ('mollis.Duis.sit@actellus.net','lorem','bd25f93e765c380a414d1cb7887a9cfcf5394fbc36443810256df3ce39f7ab32','false','5e884898da28047151d0e56f8dc6292773603d0d6aabbdd62a11ef721d1542d8','2019-06-20 00:00:00-00'),
       ('placerat.Cras@sagittis.ca','a','bd25f93e765c380a414d1cb7887a9cfcf5394fbc36443810256df3ce39f7ab32','false','5e884898da28047151d0e56f8dc6292773603d0d6aabbdd62a11ef721d1542d8','2019-08-05 00:00:00-00'),
       ('enim@vitaepurus.ca','tellus','bd25f93e765c380a414d1cb7887a9cfcf5394fbc36443810256df3ce39f7ab32','false','5e884898da28047151d0e56f8dc6292773603d0d6aabbdd62a11ef721d1542d8','2019-06-29 00:00:00-00'),
       ('congue.In@eratvolutpat.com','mi','bd25f93e765c380a414d1cb7887a9cfcf5394fbc36443810256df3ce39f7ab32','false','5e884898da28047151d0e56f8dc6292773603d0d6aabbdd62a11ef721d1542d8','2019-09-07 00:00:00-00'),
       ('vitae.sodales.nisi@afacilisis.ca','at,','bd25f93e765c380a414d1cb7887a9cfcf5394fbc36443810256df3ce39f7ab32','true','5e884898da28047151d0e56f8dc6292773603d0d6aabbdd62a11ef721d1542d8','2019-04-17 00:00:00-00'),
       ('ultrices@eteuismodet.com','molestie','bd25f93e765c380a414d1cb7887a9cfcf5394fbc36443810256df3ce39f7ab32','false','5e884898da28047151d0e56f8dc6292773603d0d6aabbdd62a11ef721d1542d8','2019-06-12 00:00:00-00'),
       ('sed.turpis@semper.edu','ante.','bd25f93e765c380a414d1cb7887a9cfcf5394fbc36443810256df3ce39f7ab32','false','5e884898da28047151d0e56f8dc6292773603d0d6aabbdd62a11ef721d1542d8','2019-09-04 00:00:00-00'),
       ('Cras@quam.co.uk','magna','bd25f93e765c380a414d1cb7887a9cfcf5394fbc36443810256df3ce39f7ab32','false','5e884898da28047151d0e56f8dc6292773603d0d6aabbdd62a11ef721d1542d8','2019-09-24 00:00:00-00'),
       ('id.nunc.interdum@sed.ca','ullamcorper','bd25f93e765c380a414d1cb7887a9cfcf5394fbc36443810256df3ce39f7ab32','true','5e884898da28047151d0e56f8dc6292773603d0d6aabbdd62a11ef721d1542d8','2019-07-27 00:00:00-00'),
       ('Nullam@laoreetipsum.com','interdum','bd25f93e765c380a414d1cb7887a9cfcf5394fbc36443810256df3ce39f7ab32','true','5e884898da28047151d0e56f8dc6292773603d0d6aabbdd62a11ef721d1542d8','2019-10-16 00:00:00-00'),
       ('rhoncus@anunc.co.uk','amet,','bd25f93e765c380a414d1cb7887a9cfcf5394fbc36443810256df3ce39f7ab32','false','5e884898da28047151d0e56f8dc6292773603d0d6aabbdd62a11ef721d1542d8','2019-06-17 00:00:00-00'),
       ('risus.a.ultricies@liberoProinmi.org','tortor.','bd25f93e765c380a414d1cb7887a9cfcf5394fbc36443810256df3ce39f7ab32','false','5e884898da28047151d0e56f8dc6292773603d0d6aabbdd62a11ef721d1542d8','2019-05-22 00:00:00-00'),
       ('Nulla@condimentumegetvolutpat.com','malesuada','bd25f93e765c380a414d1cb7887a9cfcf5394fbc36443810256df3ce39f7ab32','true','5e884898da28047151d0e56f8dc6292773603d0d6aabbdd62a11ef721d1542d8','2019-12-17 00:00:00-00'),
       ('erat@elementumduiquis.ca','in,','bd25f93e765c380a414d1cb7887a9cfcf5394fbc36443810256df3ce39f7ab32','false','5e884898da28047151d0e56f8dc6292773603d0d6aabbdd62a11ef721d1542d8','2019-04-10 00:00:00-00'),
       ('mus.Aenean@erat.edu','Quisque','bd25f93e765c380a414d1cb7887a9cfcf5394fbc36443810256df3ce39f7ab32','false','5e884898da28047151d0e56f8dc6292773603d0d6aabbdd62a11ef721d1542d8','2019-07-23 00:00:00-00'),
       ('nisl@atortor.co.uk','non,','bd25f93e765c380a414d1cb7887a9cfcf5394fbc36443810256df3ce39f7ab32','true','5e884898da28047151d0e56f8dc6292773603d0d6aabbdd62a11ef721d1542d8','2019-11-22 00:00:00-00'),
       ('magna.et@liberoIntegerin.ca','egestas','bd25f93e765c380a414d1cb7887a9cfcf5394fbc36443810256df3ce39f7ab32','true','5e884898da28047151d0e56f8dc6292773603d0d6aabbdd62a11ef721d1542d8','2019-11-06 00:00:00-00'),
       ('tortor@nasceturridiculusmus.co.uk','eget','bd25f93e765c380a414d1cb7887a9cfcf5394fbc36443810256df3ce39f7ab32','false','5e884898da28047151d0e56f8dc6292773603d0d6aabbdd62a11ef721d1542d8','2019-08-17 00:00:00-00'),
       ('libero.Integer.in@turpis.ca','purus','bd25f93e765c380a414d1cb7887a9cfcf5394fbc36443810256df3ce39f7ab32','false','5e884898da28047151d0e56f8dc6292773603d0d6aabbdd62a11ef721d1542d8','2019-10-23 00:00:00-00'),
       ('Duis@malesuadamalesuada.com','lorem.','bd25f93e765c380a414d1cb7887a9cfcf5394fbc36443810256df3ce39f7ab32','false','5e884898da28047151d0e56f8dc6292773603d0d6aabbdd62a11ef721d1542d8','2019-04-13 00:00:00-00'),
       ('sem.ut@necorci.com','lectus','bd25f93e765c380a414d1cb7887a9cfcf5394fbc36443810256df3ce39f7ab32','true','5e884898da28047151d0e56f8dc6292773603d0d6aabbdd62a11ef721d1542d8','2019-08-31 00:00:00-00'),
       ('consectetuer.adipiscing@purussapien.org','amet','bd25f93e765c380a414d1cb7887a9cfcf5394fbc36443810256df3ce39f7ab32','false','5e884898da28047151d0e56f8dc6292773603d0d6aabbdd62a11ef721d1542d8','2019-05-16 00:00:00-00'),
       ('consectetuer@risusMorbi.edu','diam.','bd25f93e765c380a414d1cb7887a9cfcf5394fbc36443810256df3ce39f7ab32','true','5e884898da28047151d0e56f8dc6292773603d0d6aabbdd62a11ef721d1542d8','2019-12-13 00:00:00-00'),
       ('a.enim@ligulaAliquamerat.ca','Duis','bd25f93e765c380a414d1cb7887a9cfcf5394fbc36443810256df3ce39f7ab32','true','5e884898da28047151d0e56f8dc6292773603d0d6aabbdd62a11ef721d1542d8','2019-11-25 00:00:00-00'),
       ('condimentum.eget.volutpat@odiosagittis.com','rhoncus.','bd25f93e765c380a414d1cb7887a9cfcf5394fbc36443810256df3ce39f7ab32','true','5e884898da28047151d0e56f8dc6292773603d0d6aabbdd62a11ef721d1542d8','2019-03-16 00:00:00-00'),
       ('euismod.est.arcu@nonquamPellentesque.co.uk','tempus','bd25f93e765c380a414d1cb7887a9cfcf5394fbc36443810256df3ce39f7ab32','false','5e884898da28047151d0e56f8dc6292773603d0d6aabbdd62a11ef721d1542d8','2019-08-10 00:00:00-00'),
       ('Fusce.mollis.Duis@egetipsumSuspendisse.edu','at','bd25f93e765c380a414d1cb7887a9cfcf5394fbc36443810256df3ce39f7ab32','false','5e884898da28047151d0e56f8dc6292773603d0d6aabbdd62a11ef721d1542d8','2019-04-26 00:00:00-00'),
       ('eleifend.vitae@adipiscingelit.com','a','bd25f93e765c380a414d1cb7887a9cfcf5394fbc36443810256df3ce39f7ab32','true','5e884898da28047151d0e56f8dc6292773603d0d6aabbdd62a11ef721d1542d8','2019-11-29 00:00:00-00'),
       ('mollis.non.cursus@In.ca','ac','bd25f93e765c380a414d1cb7887a9cfcf5394fbc36443810256df3ce39f7ab32','false','5e884898da28047151d0e56f8dc6292773603d0d6aabbdd62a11ef721d1542d8','2019-08-18 00:00:00-00'),
       ('ornare.In.faucibus@acurna.org','dictum','bd25f93e765c380a414d1cb7887a9cfcf5394fbc36443810256df3ce39f7ab32','false','5e884898da28047151d0e56f8dc6292773603d0d6aabbdd62a11ef721d1542d8','2019-09-25 00:00:00-00'),
       ('cursus.a@nec.edu','semper,','bd25f93e765c380a414d1cb7887a9cfcf5394fbc36443810256df3ce39f7ab32','false','5e884898da28047151d0e56f8dc6292773603d0d6aabbdd62a11ef721d1542d8','2019-04-17 00:00:00-00'),
       ('vitae.velit.egestas@nequenon.co.uk','elit,','bd25f93e765c380a414d1cb7887a9cfcf5394fbc36443810256df3ce39f7ab32','false','5e884898da28047151d0e56f8dc6292773603d0d6aabbdd62a11ef721d1542d8','2019-11-21 00:00:00-00'),
       ('Sed.molestie.Sed@leo.ca','scelerisque','bd25f93e765c380a414d1cb7887a9cfcf5394fbc36443810256df3ce39f7ab32','false','5e884898da28047151d0e56f8dc6292773603d0d6aabbdd62a11ef721d1542d8','2019-04-27 00:00:00-00'),
       ('tristique.ac.eleifend@bibendumDonec.ca','at','bd25f93e765c380a414d1cb7887a9cfcf5394fbc36443810256df3ce39f7ab32','true','5e884898da28047151d0e56f8dc6292773603d0d6aabbdd62a11ef721d1542d8','2019-04-18 00:00:00-00'),
       ('consectetuer@id.co.uk','faucibus','bd25f93e765c380a414d1cb7887a9cfcf5394fbc36443810256df3ce39f7ab32','true','5e884898da28047151d0e56f8dc6292773603d0d6aabbdd62a11ef721d1542d8','2019-07-11 00:00:00-00'),
       ('enim@egetmassaSuspendisse.org','id,','bd25f93e765c380a414d1cb7887a9cfcf5394fbc36443810256df3ce39f7ab32','true','5e884898da28047151d0e56f8dc6292773603d0d6aabbdd62a11ef721d1542d8','2019-06-01 00:00:00-00'),
       ('gravida@Pellentesqueultriciesdignissim.com','mauris','bd25f93e765c380a414d1cb7887a9cfcf5394fbc36443810256df3ce39f7ab32','true','5e884898da28047151d0e56f8dc6292773603d0d6aabbdd62a11ef721d1542d8','2019-08-11 00:00:00-00'),
       ('Nam.ac@estcongue.co.uk','a','bd25f93e765c380a414d1cb7887a9cfcf5394fbc36443810256df3ce39f7ab32','false','5e884898da28047151d0e56f8dc6292773603d0d6aabbdd62a11ef721d1542d8','2019-07-09 00:00:00-00'),
       ('dui@congue.com','vitae','bd25f93e765c380a414d1cb7887a9cfcf5394fbc36443810256df3ce39f7ab32','true','5e884898da28047151d0e56f8dc6292773603d0d6aabbdd62a11ef721d1542d8','2019-04-23 00:00:00-00'),
       ('feugiat.Lorem.ipsum@egestaslaciniaSed.org','nunc','bd25f93e765c380a414d1cb7887a9cfcf5394fbc36443810256df3ce39f7ab32','false','5e884898da28047151d0e56f8dc6292773603d0d6aabbdd62a11ef721d1542d8','2019-08-05 00:00:00-00'),
       ('lacus.vestibulum@molestiedapibusligula.edu','ut','bd25f93e765c380a414d1cb7887a9cfcf5394fbc36443810256df3ce39f7ab32','false','5e884898da28047151d0e56f8dc6292773603d0d6aabbdd62a11ef721d1542d8','2019-04-26 00:00:00-00'),
       ('risus@nisi.org','quis','bd25f93e765c380a414d1cb7887a9cfcf5394fbc36443810256df3ce39f7ab32','false','5e884898da28047151d0e56f8dc6292773603d0d6aabbdd62a11ef721d1542d8','2019-04-05 00:00:00-00'),
       ('nunc.Quisque@Etiamgravidamolestie.edu','mauris.','bd25f93e765c380a414d1cb7887a9cfcf5394fbc36443810256df3ce39f7ab32','true','5e884898da28047151d0e56f8dc6292773603d0d6aabbdd62a11ef721d1542d8','2019-10-22 00:00:00-00'),
       ('sed.consequat@ac.co.uk','parturient','bd25f93e765c380a414d1cb7887a9cfcf5394fbc36443810256df3ce39f7ab32','true','5e884898da28047151d0e56f8dc6292773603d0d6aabbdd62a11ef721d1542d8','2019-10-13 00:00:00-00'),
       ('nulla.In@nibhvulputate.com','facilisis','bd25f93e765c380a414d1cb7887a9cfcf5394fbc36443810256df3ce39f7ab32','false','5e884898da28047151d0e56f8dc6292773603d0d6aabbdd62a11ef721d1542d8','2019-06-26 00:00:00-00'),
       ('ligula@erosNam.com','Nunc','bd25f93e765c380a414d1cb7887a9cfcf5394fbc36443810256df3ce39f7ab32','true','5e884898da28047151d0e56f8dc6292773603d0d6aabbdd62a11ef721d1542d8','2019-07-14 00:00:00-00'),
       ('orci.sem.eget@est.co.uk','magna.','bd25f93e765c380a414d1cb7887a9cfcf5394fbc36443810256df3ce39f7ab32','false','5e884898da28047151d0e56f8dc6292773603d0d6aabbdd62a11ef721d1542d8','2019-11-26 00:00:00-00'),
       ('semper.et.lacinia@ametnullaDonec.edu','ultrices','bd25f93e765c380a414d1cb7887a9cfcf5394fbc36443810256df3ce39f7ab32','true','5e884898da28047151d0e56f8dc6292773603d0d6aabbdd62a11ef721d1542d8','2019-10-21 00:00:00-00'),
       ('eu.arcu.Morbi@tinciduntnuncac.co.uk','adipiscing','bd25f93e765c380a414d1cb7887a9cfcf5394fbc36443810256df3ce39f7ab32','true','5e884898da28047151d0e56f8dc6292773603d0d6aabbdd62a11ef721d1542d8','2019-05-15 00:00:00-00'),
       ('ridiculus.mus.Aenean@erosNamconsequat.co.uk','in','bd25f93e765c380a414d1cb7887a9cfcf5394fbc36443810256df3ce39f7ab32','false','5e884898da28047151d0e56f8dc6292773603d0d6aabbdd62a11ef721d1542d8','2019-08-20 00:00:00-00'),
       ('iaculis.lacus.pede@imperdiet.edu','egestas.','bd25f93e765c380a414d1cb7887a9cfcf5394fbc36443810256df3ce39f7ab32','false','5e884898da28047151d0e56f8dc6292773603d0d6aabbdd62a11ef721d1542d8','2019-08-09 00:00:00-00'),
       ('a.felis.ullamcorper@gravidanuncsed.ca','enim','bd25f93e765c380a414d1cb7887a9cfcf5394fbc36443810256df3ce39f7ab32','true','5e884898da28047151d0e56f8dc6292773603d0d6aabbdd62a11ef721d1542d8','2019-12-13 00:00:00-00'),
       ('semper.tellus@commodoauctorvelit.com','ac','bd25f93e765c380a414d1cb7887a9cfcf5394fbc36443810256df3ce39f7ab32','true','5e884898da28047151d0e56f8dc6292773603d0d6aabbdd62a11ef721d1542d8','2019-09-06 00:00:00-00'),
       ('Cras.interdum@sapienmolestie.org','nisi','bd25f93e765c380a414d1cb7887a9cfcf5394fbc36443810256df3ce39f7ab32','true','5e884898da28047151d0e56f8dc6292773603d0d6aabbdd62a11ef721d1542d8','2019-05-28 00:00:00-00'),
       ('Donec@acurna.org','Mauris','bd25f93e765c380a414d1cb7887a9cfcf5394fbc36443810256df3ce39f7ab32','false','5e884898da28047151d0e56f8dc6292773603d0d6aabbdd62a11ef721d1542d8','2019-12-17 00:00:00-00'),
       ('mattis@nuncnullavulputate.org','pede','bd25f93e765c380a414d1cb7887a9cfcf5394fbc36443810256df3ce39f7ab32','false','5e884898da28047151d0e56f8dc6292773603d0d6aabbdd62a11ef721d1542d8','2019-03-11 00:00:00-00'),
       ('mattis.Integer@Phasellusvitae.net','tellus.','bd25f93e765c380a414d1cb7887a9cfcf5394fbc36443810256df3ce39f7ab32','false','5e884898da28047151d0e56f8dc6292773603d0d6aabbdd62a11ef721d1542d8','2019-08-14 00:00:00-00'),
       ('augue@famesacturpis.net','et,','bd25f93e765c380a414d1cb7887a9cfcf5394fbc36443810256df3ce39f7ab32','false','5e884898da28047151d0e56f8dc6292773603d0d6aabbdd62a11ef721d1542d8','2019-03-31 00:00:00-00'),
       ('eget@pede.edu','nec','bd25f93e765c380a414d1cb7887a9cfcf5394fbc36443810256df3ce39f7ab32','false','5e884898da28047151d0e56f8dc6292773603d0d6aabbdd62a11ef721d1542d8','2019-07-06 00:00:00-00'),
       ('cursus.in@Aliquamrutrumlorem.edu','nunc','bd25f93e765c380a414d1cb7887a9cfcf5394fbc36443810256df3ce39f7ab32','false','5e884898da28047151d0e56f8dc6292773603d0d6aabbdd62a11ef721d1542d8','2019-04-06 00:00:00-00'),
       ('magnis.dis@gravidaPraesenteu.com','ac','bd25f93e765c380a414d1cb7887a9cfcf5394fbc36443810256df3ce39f7ab32','false','5e884898da28047151d0e56f8dc6292773603d0d6aabbdd62a11ef721d1542d8','2019-07-19 00:00:00-00'),
       ('sem.elit@anteNunc.com','bibendum.','bd25f93e765c380a414d1cb7887a9cfcf5394fbc36443810256df3ce39f7ab32','false','5e884898da28047151d0e56f8dc6292773603d0d6aabbdd62a11ef721d1542d8','2019-12-12 00:00:00-00'),
       ('euismod@amet.net','accumsan','bd25f93e765c380a414d1cb7887a9cfcf5394fbc36443810256df3ce39f7ab32','true','5e884898da28047151d0e56f8dc6292773603d0d6aabbdd62a11ef721d1542d8','2019-05-29 00:00:00-00'),
       ('nec@in.ca','Vestibulum','bd25f93e765c380a414d1cb7887a9cfcf5394fbc36443810256df3ce39f7ab32','true','5e884898da28047151d0e56f8dc6292773603d0d6aabbdd62a11ef721d1542d8','2019-12-08 00:00:00-00'),
       ('magna@sagittisaugueeu.edu','ipsum.','bd25f93e765c380a414d1cb7887a9cfcf5394fbc36443810256df3ce39f7ab32','true','5e884898da28047151d0e56f8dc6292773603d0d6aabbdd62a11ef721d1542d8','2019-04-20 00:00:00-00'),
       ('molestie@faucibusleo.org','Phasellus','bd25f93e765c380a414d1cb7887a9cfcf5394fbc36443810256df3ce39f7ab32','true','5e884898da28047151d0e56f8dc6292773603d0d6aabbdd62a11ef721d1542d8','2019-09-02 00:00:00-00'),
       ('Vestibulum.ut.eros@risusquis.org','pellentesque','bd25f93e765c380a414d1cb7887a9cfcf5394fbc36443810256df3ce39f7ab32','true','5e884898da28047151d0e56f8dc6292773603d0d6aabbdd62a11ef721d1542d8','2019-09-30 00:00:00-00'),
       ('Nulla@elitAliquam.org','Quisque','bd25f93e765c380a414d1cb7887a9cfcf5394fbc36443810256df3ce39f7ab32','false','5e884898da28047151d0e56f8dc6292773603d0d6aabbdd62a11ef721d1542d8','2019-08-26 00:00:00-00'),
       ('mauris@risusMorbi.org','Vestibulum','bd25f93e765c380a414d1cb7887a9cfcf5394fbc36443810256df3ce39f7ab32','false','5e884898da28047151d0e56f8dc6292773603d0d6aabbdd62a11ef721d1542d8','2019-05-15 00:00:00-00'),
       ('at.libero@Suspendissetristiqueneque.edu','lacus.','bd25f93e765c380a414d1cb7887a9cfcf5394fbc36443810256df3ce39f7ab32','true','5e884898da28047151d0e56f8dc6292773603d0d6aabbdd62a11ef721d1542d8','2019-12-11 00:00:00-00'),
       ('non@consequat.net','et','bd25f93e765c380a414d1cb7887a9cfcf5394fbc36443810256df3ce39f7ab32','true','5e884898da28047151d0e56f8dc6292773603d0d6aabbdd62a11ef721d1542d8','2019-08-15 00:00:00-00'),
       ('sit@posuere.com','eu','bd25f93e765c380a414d1cb7887a9cfcf5394fbc36443810256df3ce39f7ab32','false','5e884898da28047151d0e56f8dc6292773603d0d6aabbdd62a11ef721d1542d8','2019-08-26 00:00:00-00'),
       ('Morbi.vehicula@arcu.com','odio','bd25f93e765c380a414d1cb7887a9cfcf5394fbc36443810256df3ce39f7ab32','true','5e884898da28047151d0e56f8dc6292773603d0d6aabbdd62a11ef721d1542d8','2019-08-16 00:00:00-00'),
       ('vulputate.ullamcorper.magna@atpretiumaliquet.net','tellus.','bd25f93e765c380a414d1cb7887a9cfcf5394fbc36443810256df3ce39f7ab32','false','5e884898da28047151d0e56f8dc6292773603d0d6aabbdd62a11ef721d1542d8','2019-09-01 00:00:00-00'),
       ('vestibulum@aliquamiaculis.com','dapibus','bd25f93e765c380a414d1cb7887a9cfcf5394fbc36443810256df3ce39f7ab32','true','5e884898da28047151d0e56f8dc6292773603d0d6aabbdd62a11ef721d1542d8','2019-08-02 00:00:00-00'),
       ('vel.sapien.imperdiet@Crasdolordolor.com','sem,','bd25f93e765c380a414d1cb7887a9cfcf5394fbc36443810256df3ce39f7ab32','false','5e884898da28047151d0e56f8dc6292773603d0d6aabbdd62a11ef721d1542d8','2019-09-05 00:00:00-00'),
       ('lectus.pede.et@euismod.net','sit','bd25f93e765c380a414d1cb7887a9cfcf5394fbc36443810256df3ce39f7ab32','false','5e884898da28047151d0e56f8dc6292773603d0d6aabbdd62a11ef721d1542d8','2019-05-13 00:00:00-00'),
       ('Etiam.vestibulum.massa@Curabiturconsequatlectus.edu','congue,','bd25f93e765c380a414d1cb7887a9cfcf5394fbc36443810256df3ce39f7ab32','true','5e884898da28047151d0e56f8dc6292773603d0d6aabbdd62a11ef721d1542d8','2019-07-29 00:00:00-00'),
       ('at.velit.Pellentesque@porttitorscelerisque.com','sagittis.','bd25f93e765c380a414d1cb7887a9cfcf5394fbc36443810256df3ce39f7ab32','false','5e884898da28047151d0e56f8dc6292773603d0d6aabbdd62a11ef721d1542d8','2019-12-19 00:00:00-00'),
       ('eget.mollis.lectus@vel.com','penatibus','bd25f93e765c380a414d1cb7887a9cfcf5394fbc36443810256df3ce39f7ab32','false','5e884898da28047151d0e56f8dc6292773603d0d6aabbdd62a11ef721d1542d8','2019-09-01 00:00:00-00'),
       ('quis.pede@nec.net','pede.','bd25f93e765c380a414d1cb7887a9cfcf5394fbc36443810256df3ce39f7ab32','false','5e884898da28047151d0e56f8dc6292773603d0d6aabbdd62a11ef721d1542d8','2019-05-02 00:00:00-00'),
       ('primis@facilisi.com','eros.','bd25f93e765c380a414d1cb7887a9cfcf5394fbc36443810256df3ce39f7ab32','false','5e884898da28047151d0e56f8dc6292773603d0d6aabbdd62a11ef721d1542d8','2019-09-15 00:00:00-00'),
       ('mauris.sit@euligulaAenean.org','consectetuer','bd25f93e765c380a414d1cb7887a9cfcf5394fbc36443810256df3ce39f7ab32','true','5e884898da28047151d0e56f8dc6292773603d0d6aabbdd62a11ef721d1542d8','2019-09-06 00:00:00-00'),
       ('Integer.id.magna@arcu.edu','dapibus','bd25f93e765c380a414d1cb7887a9cfcf5394fbc36443810256df3ce39f7ab32','false','5e884898da28047151d0e56f8dc6292773603d0d6aabbdd62a11ef721d1542d8','2019-03-15 00:00:00-00'),
       ('malesuada@dictum.edu','et,','bd25f93e765c380a414d1cb7887a9cfcf5394fbc36443810256df3ce39f7ab32','false','5e884898da28047151d0e56f8dc6292773603d0d6aabbdd62a11ef721d1542d8','2019-07-20 00:00:00-00'),
       ('feugiat.nec@lectusrutrumurna.net','id','bd25f93e765c380a414d1cb7887a9cfcf5394fbc36443810256df3ce39f7ab32','true','5e884898da28047151d0e56f8dc6292773603d0d6aabbdd62a11ef721d1542d8','2019-09-07 00:00:00-00'),
       ('sit.amet@nequeetnunc.com','tincidunt,','bd25f93e765c380a414d1cb7887a9cfcf5394fbc36443810256df3ce39f7ab32','true','5e884898da28047151d0e56f8dc6292773603d0d6aabbdd62a11ef721d1542d8','2019-07-27 00:00:00-00'),
       ('sed.libero@auctor.com','senectus','bd25f93e765c380a414d1cb7887a9cfcf5394fbc36443810256df3ce39f7ab32','true','5e884898da28047151d0e56f8dc6292773603d0d6aabbdd62a11ef721d1542d8','2019-04-26 00:00:00-00'),
       ('ridiculus@utmiDuis.org','nec,','bd25f93e765c380a414d1cb7887a9cfcf5394fbc36443810256df3ce39f7ab32','false','5e884898da28047151d0e56f8dc6292773603d0d6aabbdd62a11ef721d1542d8','2019-06-04 00:00:00-00');


ALTER SEQUENCE organisation_id_seq RESTART WITH 1;

-- Organisation --

INSERT INTO "organisation" (org_name,
                            org_number,
                            org_type,
                            poc_firstname,
                            poc_lastname,
                            phone,
                            banned,
                            org_register_date,
                            low_income,
                            exempt,
                            user_id,
                            address_id)
VALUES ('Purus Company','11327144099','semper','Aline','Tyler','+4378278673','false','2019-11-24 00:00:00-00','false','true',1,1),
       ('Nunc Lectus Corp.','37815767599','In','Madeline','Cooley','+4327649928','false','2019-11-04 00:00:00-00','false','false',2,2),
       ('Tortor At Consulting','36283735299','Nulla','Danielle','Morgan','+4332128688','false','2018-09-22 00:00:00-00','false','true',3,3),
       ('Ligula Tortor Ltd','19664690399','eu','Lila','Baxter','+4305099708','false','2019-07-03 00:00:00-00','false','false',4,4),
       ('Erat Institute','42283134699','tincidunt','Winifred','Avery','+4342889138','false','2020-08-06 00:00:00-00','true','false',5,5),
       ('Parturient Incorporated','59861853699','metus','Indigo','Navarro','+4315394477','false','2018-04-12 00:00:00-00','true','false',6,6),
       ('Pellentesque Eget Dictum PC','20315309699','blandit','Chastity','Nicholson','+4344365565','false','2020-12-13 00:00:00-00','true','true',7,7),
       ('Nostra Per Inceptos Consulting','18783313899','Maecenas','Katelyn','Bray','+4337323135','false','2020-11-01 00:00:00-00','true','true',8,8),
       ('Feugiat Sed Associates','73592061699','lacinia','Nyssa','Stuart','+4300587019','false','2021-01-03 00:00:00-00','false','false',9,9),
       ('Sodales At Velit Corporation','45775335299','Mauris','Hiroko','Patton','+4309518540','false','2021-01-18 00:00:00-00','false','true',10,10),
       ('Tempor PC','88359611799','nisi.','Hadley','Martin','+4367328243','false','2019-10-21 00:00:00-00','true','true',11,11),
       ('Vitae Aliquam Eros Limited','15508511899','vitae,','Dawn','Graves','+4366045172','false','2018-07-17 00:00:00-00','false','true',12,12),
       ('Mollis Company','34316319599','Aliquam','Athena','Preston','+4317329369','false','2020-03-09 00:00:00-00','false','false',13,13),
       ('Tellus Foundation','87960009799','in','Deborah','Floyd','+4327228743','false','2020-01-26 00:00:00-00','false','true',14,14),
       ('Ipsum Nunc Id Limited','05513980999','tincidunt','Sydnee','Michael','+4313137824','false','2020-07-17 00:00:00-00','false','false',15,15),
       ('Lacus Ut Foundation','99865197099','Vestibulum','Karyn','Odom','+4391971767','false','2021-02-22 00:00:00-00','false','true',16,16),
       ('Magna Lorem Ipsum LLC','40280503899','ultricies','Aubrey','Cote','+4343526443','false','2020-08-07 00:00:00-00','true','false',17,17),
       ('In Faucibus Corporation','19269735199','neque','Lesley','Pacheco','+4344118932','false','2021-02-28 00:00:00-00','false','false',18,18),
       ('Turpis Associates','81615107499','Morbi','Bell','Avery','+4341758754','false','2019-03-03 00:00:00-00','false','false',19,19),
       ('Ac Eleifend Vitae LLP','94874994999','mauris','Ariana','Lindsay','+4368878530','false','2019-08-21 00:00:00-00','false','true',20,20),
       ('Donec Felis Institute','06291147799','hendrerit','Jeanette','Harper','+4348605384','false','2018-01-28 00:00:00-00','false','true',21,21),
       ('Hendrerit A Associates','22436911199','et','Dacey','Fields','+4316328605','false','2018-12-08 00:00:00-00','true','false',22,22),
       ('Ipsum Cursus Vestibulum Corporation','82391022199','ante','Shannon','Nichols','+4374814295','false','2020-04-06 00:00:00-00','true','true',23,23),
       ('Est Nunc Corp.','53516066099','ipsum','Tana','Gillespie','+4383000663','false','2020-01-28 00:00:00-00','false','true',24,24),
       ('Aliquam Erat Associates','13564182999','erat.','Cathleen','Powell','+4341728247','false','2017-11-22 00:00:00-00','true','true',25,25),
       ('Nisi Cum Sociis Ltd','07991956299','ornare,','Judith','Nieves','+4325864798','false','2021-01-08 00:00:00-00','true','false',26,26),
       ('Gravida Sit Industries','30307784599','Donec','Marcia','Horn','+4304242714','false','2018-09-06 00:00:00-00','true','false',27,27),
       ('Arcu Vestibulum Corporation','76982000099','Praesent','Caryn','Downs','+4349878318','false','2018-03-03 00:00:00-00','true','false',28,28),
       ('Vehicula Pellentesque Tincidunt Company','72965484699','magna.','Ursa','Hopper','+4357106523','false','2018-11-09 00:00:00-00','false','false',29,29),
       ('Rutrum Lorem Industries','84943947699','ultrices','Stella','White','+4397346406','false','2019-04-11 00:00:00-00','true','false',30,30),
       ('Auctor Ullamcorper Corp.','54969215999','et,','Hillary','Beck','+4364042537','false','2019-10-12 00:00:00-00','false','false',31,31),
       ('Ut LLP','21342592399','non','Xyla','Ferrell','+4390506714','false','2019-06-29 00:00:00-00','true','true',32,32),
       ('Cursus Non Egestas Incorporated','96545524699','vel,','Kim','Morris','+4342854488','false','2019-02-05 00:00:00-00','true','true',33,33),
       ('Mus Proin Vel Company','08314096199','arcu','Stephanie','Navarro','+4331803539','false','2018-06-21 00:00:00-00','true','true',34,34),
       ('Cursus Integer Mollis Industries','98347981499','nulla.','Jaden','Frank','+4310723399','false','2020-05-29 00:00:00-00','true','true',35,35),
       ('Ante Blandit Viverra Institute','10797797899','Curabitur','Tana','Osborn','+4393600657','false','2018-09-10 00:00:00-00','false','false',36,36),
       ('Montes Nascetur Ridiculus Industries','15790008499','adipiscing','Sybill','Chambers','+4322724929','false','2019-03-16 00:00:00-00','false','true',37,37),
       ('Dolor Institute','14807285099','quis','Cailin','Navarro','+4396555162','false','2019-02-09 00:00:00-00','false','false',38,38),
       ('Lorem Ipsum Corporation','29583065499','bibendum','Dorothy','Hanson','+4328118082','false','2018-12-30 00:00:00-00','false','false',39,39),
       ('Condimentum Industries','25861055399','tristique','Jordan','Callahan','+4310416692','false','2020-02-14 00:00:00-00','false','false',40,40),
       ('Ante Iaculis Associates','62342251799','erat,','Anjolie','Ware','+4305572085','false','2020-04-20 00:00:00-00','true','false',41,41),
       ('Dolor Vitae Dolor PC','11320182699','turpis','Xaviera','Guerrero','+4308885203','false','2021-01-04 00:00:00-00','true','false',42,42),
       ('At Pede Cras Corporation','82667553799','pellentesque,','Hedda','Mckenzie','+4320353931','false','2020-11-22 00:00:00-00','true','true',43,43),
       ('Dui Incorporated','11582817999','mauris','Taylor','Guy','+4382231969','false','2019-01-31 00:00:00-00','true','true',44,44),
       ('Nec Orci Donec Ltd','33308255999','venenatis','Vera','Malone','+4331005298','false','2018-07-13 00:00:00-00','false','false',45,45),
       ('Sit Foundation','05715935999','nulla.','Diana','Valdez','+4310179583','false','2020-09-14 00:00:00-00','true','true',46,46),
       ('Elit LLP','55384417699','Donec','Jeanette','Middleton','+4326964619','false','2018-12-24 00:00:00-00','false','true',47,47),
       ('Nulla Donec Non Inc.','63387475599','sodales','Meghan','Blake','+4365358670','false','2018-10-14 00:00:00-00','false','true',48,48),
       ('Ligula Nullam Associates','08503893699','nec','Madeson','Henson','+4344949276','false','2019-03-10 00:00:00-00','true','false',49,49),
       ('Posuere Incorporated','43784989699','commodo','Sopoline','Davenport','+4385650225','false','2019-04-26 00:00:00-00','true','true',50,50);


ALTER SEQUENCE individual_id_seq RESTART WITH 1;

-- Individual --

INSERT INTO "individual" (firstname,
                          lastname,
                          phone,
                          banned,
                          user_id,
                          address_id,
                          gender,
                          birthday)
VALUES ('Juliet','Lowe','07009 140829','false',50,18,'m','2011-09-27'),
       ('Jocelyn','Lancaster','(016977) 7982','false',51,35,'m','1939-10-27'),
       ('Sydnee','Adkins','0500 916538','true',52,67,'m','1997-04-09'),
       ('Julie','Lowe','076 3276 7223','false',53,16,'m','1966-07-07'),
       ('Freya','Mendez','(0117) 489 4969','true',54,44,'m','1990-12-21'),
       ('Haley','Padilla','(018417) 43051','true',55,28,'m','2010-06-27'),
       ('Brooke','Michael','0800 1111','true',56,48,'m','1984-09-20'),
       ('Aurora','Castillo','0845 46 42','false',57,38,'m','1981-09-05'),
       ('Clare','Gonzales','070 1176 8484','true',58,21,'m','1987-10-03'),
       ('Sigourney','Williams','0800 045 0058','true',59,37,'m','1993-10-11'),
       ('Ayanna','Williams','0800 1111','true',60,77,'f','2010-03-25'),
       ('Rowan','Dawson','(0110) 356 1403','true',61,68,'f','1954-12-05'),
       ('Serena','Chang','0800 472842','true',62,13,'f','1958-05-24'),
       ('Tana','Knowles','0800 628945','true',63,86,'f','1947-10-26'),
       ('Mary','Holden','(016977) 8226','false',64,22,'f','1960-02-07'),
       ('Sloane','Buckner','076 8138 4783','true',65,39,'f','1988-11-27'),
       ('Sasha','Mayo','0981 023 0509','false',66,61,'f','1994-04-19'),
       ('Gay','Horne','07574 369056','false',67,87,'f','1934-10-04'),
       ('Wynne','Ward','(0110) 319 7772','false',68,89,'f','1996-01-08'),
       ('Fiona','Hays','056 9371 8210','false',69,84,'f','2006-10-28'),
       ('Mari','Hutchinson','0800 540226','false',70,81,'o','1949-03-09'),
       ('Paula','Navarro','0845 46 43','true',71,83,'o','2001-06-28'),
       ('Quinn','Chen','076 5826 8431','false',72,99,'o','1954-09-06'),
       ('Roary','Davidson','(01772) 08066','false',73,93,'o','2017-08-19'),
       ('Risa','Simon','0800 465 8541','false',74,15,'o','1976-05-14'),
       ('Justina','Gillespie','(01141) 257482','false',75,1,'o','1990-11-27'),
       ('Heidi','Knight','0800 152313','true',76,82,'o','2021-02-22'),
       ('Karleigh','Dotson','0800 291732','true',77,24,'o','2012-01-08'),
       ('Quin','Andrews','(018639) 96436','true',78,73,'o','2011-05-20'),
       ('Pamela','Rhodes','(0114) 495 0458','false',79,28,'o','1952-10-12'),
       ('Ignacia','Powell','056 2700 1540','true',80,10,'m','2006-01-09'),
       ('Emily','Pruitt','055 0913 3954','true',81,74,'m','1954-04-28'),
       ('Sylvia','Beach','070 2078 9213','true',82,12,'m','2007-09-24'),
       ('Celeste','Terry','076 8116 1845','true',83,30,'m','2019-06-25'),
       ('Karleigh','Carney','055 0125 6469','true',84,63,'m','1999-02-16'),
       ('Odette','Walker','0334 922 9739','false',85,8,'m','1934-11-30'),
       ('Carly','Bauer','056 5623 9475','false',86,79,'m','1967-09-13'),
       ('India','Mercado','0800 1111','false',87,59,'m','2009-08-03'),
       ('Delilah','Whitley','0800 520611','false',88,7,'m','1988-05-06'),
       ('Briar','Sherman','055 9339 6931','true',89,75,'m','1982-05-31'),
       ('Ora','Ingram','070 0453 2091','false',90,49,'f','1982-08-06'),
       ('Keely','Nixon','(016977) 8087','true',91,71,'f','1996-07-29'),
       ('Jada','Battle','(0111) 460 9230','true',92,49,'f','1953-02-26'),
       ('Marny','Houston','(011214) 06492','false',93,99,'f','1936-06-02'),
       ('Noelani','Sharp','0500 510708','false',94,11,'f','1995-05-31'),
       ('Sacha','Stafford','(026) 9078 4854','false',95,77,'f','1975-07-07'),
       ('Sylvia','Boyer','(027) 4128 7612','false',96,91,'f','1996-01-05'),
       ('Brenna','Mills','055 0205 5906','true',97,64,'f','1974-08-27'),
       ('Tatiana','Sullivan','070 0019 7883','true',98,57,'f','1937-09-16'),
       ('Julie','Ewing','(019370) 59767','false',99,49,'f','1941-12-08');


ALTER SEQUENCE event_id_seq RESTART WITH 1;

-- Event --

INSERT INTO "event" (name,
                     address_id,
                     women_only,
                     spots,
                     address_visible,
                     minimum_age,
                     photo_id,
                     physical,
                     add_info,
                     content,date,user_id,
                     creation_date)
VALUES ('tempus, lorem',18,'true',21,'true',21,'true','false','false','diam. Proin dolor. Nulla semper tellus id nunc interdum feugiat. Sed nec metus facilisis lorem tristique aliquet. Phasellus fermentum convallis ligula. Donec luctus aliquet odio. Etiam ligula tortor, dictum eu, placerat eget, venenatis a, magna.','2020-12-29 00:00:00-00',49,'2020-04-30 00:00:00-00'),
       ('arcu. Vivamus sit amet',54,'false',17,'false',18,'false','true','false','risus. Quisque libero lacus, varius et, euismod et, commodo at, libero. Morbi accumsan laoreet','2020-07-05 00:00:00-00',54,'2019-09-18 00:00:00-00'),
       ('id, ante.',50,'false',47,'true',21,'false','false','true','nunc sit amet metus. Aliquam erat volutpat. Nulla facilisis. Suspendisse commodo tincidunt nibh. Phasellus nulla. Integer','2019-12-09 00:00:00-00',38,'2020-05-06 00:00:00-00'),
       ('Maecenas iaculis aliquet',69,'false',46,'true',18,'false','false','false','at, egestas a, scelerisque sed, sapien. Nunc pulvinar arcu et pede. Nunc sed orci lobortis augue scelerisque mollis. Phasellus libero mauris, aliquam eu, accumsan sed, facilisis vitae, orci. Phasellus dapibus quam quis diam. Pellentesque habitant morbi tristique senectus et','2019-10-25 00:00:00-00',15,'2021-02-04 00:00:00-00'),
       ('aliquet odio.',55,'true',24,'false',21,'false','false','false','eu elit. Nulla facilisi. Sed neque. Sed eget lacus. Mauris non dui nec urna suscipit nonummy. Fusce fermentum fermentum arcu. Vestibulum ante ipsum primis in faucibus','2020-08-30 00:00:00-00',82,'2020-03-03 00:00:00-00'),
       ('adipiscing.',23,'true',45,'false',19,'false','true','false','elit pede, malesuada vel, venenatis vel, faucibus id, libero. Donec consectetuer mauris id sapien. Cras dolor','2019-03-20 00:00:00-00',71,'2020-09-18 00:00:00-00'),
       ('nec tempus mauris erat',9,'false',49,'true',19,'true','false','true','fringilla euismod enim. Etiam gravida molestie arcu. Sed eu nibh vulputate mauris sagittis placerat. Cras dictum ultricies ligula. Nullam enim. Sed nulla ante, iaculis nec, eleifend non, dapibus rutrum, justo. Praesent luctus. Curabitur egestas nunc sed libero. Proin sed turpis nec mauris blandit mattis. Cras eget nisi dictum augue','2019-07-16 00:00:00-00',45,'2019-07-07 00:00:00-00'),
       ('molestie arcu. Sed eu',33,'true',6,'false',19,'true','true','false','eu erat semper rutrum. Fusce dolor quam, elementum at, egestas a, scelerisque sed, sapien. Nunc pulvinar arcu et pede. Nunc sed orci lobortis augue scelerisque mollis. Phasellus libero mauris, aliquam eu,','2019-10-30 00:00:00-00',24,'2019-10-11 00:00:00-00'),
       ('sagittis',71,'false',47,'true',19,'false','true','true','pede. Cras vulputate velit eu sem. Pellentesque ut ipsum ac mi eleifend egestas. Sed pharetra, felis eget varius ultrices, mauris ipsum porta elit, a feugiat tellus lorem eu metus. In lorem.','2019-03-09 00:00:00-00',92,'2021-01-19 00:00:00-00'),
       ('Sed nulla',44,'true',36,'true',21,'false','false','true','hymenaeos. Mauris ut quam vel sapien imperdiet ornare. In faucibus. Morbi vehicula. Pellentesque tincidunt tempus risus. Donec egestas. Duis ac arcu. Nunc mauris. Morbi non sapien molestie orci tincidunt adipiscing. Mauris molestie pharetra nibh. Aliquam ornare,','2019-09-06 00:00:00-00',10,'2019-08-19 00:00:00-00'),
       ('non dui nec urna',41,'false',3,'true',19,'true','true','false','magnis dis parturient montes, nascetur ridiculus mus. Aenean eget magna. Suspendisse tristique neque venenatis lacus. Etiam bibendum fermentum metus. Aenean sed pede nec ante blandit viverra. Donec tempus, lorem fringilla ornare placerat,','2019-10-25 00:00:00-00',19,'2019-12-09 00:00:00-00'),
       ('magnis dis parturient',96,'false',29,'true',21,'true','false','true','ac','2019-09-29 00:00:00-00',80,'2019-04-09 00:00:00-00'),
       ('sem mollis dui, in',92,'true',32,'false',18,'false','true','true','risus varius orci, in consequat enim diam vel arcu. Curabitur ut odio vel est tempor bibendum. Donec felis orci, adipiscing non, luctus sit amet, faucibus ut, nulla. Cras eu tellus eu augue','2019-09-12 00:00:00-00',63,'2020-03-06 00:00:00-00'),
       ('sodales',11,'false',7,'true',21,'false','true','false','auctor velit. Aliquam nisl. Nulla eu neque pellentesque massa lobortis ultrices. Vivamus rhoncus. Donec est. Nunc ullamcorper, velit in aliquet','2021-01-24 00:00:00-00',86,'2019-06-04 00:00:00-00'),
       ('Donec',84,'false',48,'false',20,'false','true','false','Aenean euismod mauris eu elit. Nulla facilisi. Sed neque. Sed eget lacus. Mauris non dui','2020-02-27 00:00:00-00',48,'2020-05-23 00:00:00-00'),
       ('molestie tortor nibh sit amet',11,'true',30,'false',19,'true','false','false','pede et','2019-05-24 00:00:00-00',81,'2019-11-05 00:00:00-00'),
       ('Morbi',85,'true',5,'true',19,'true','true','false','natoque penatibus et magnis dis parturient montes, nascetur ridiculus mus. Proin vel arcu eu odio tristique pharetra. Quisque ac libero nec ligula consectetuer rhoncus. Nullam velit','2020-09-24 00:00:00-00',64,'2019-08-27 00:00:00-00'),
       ('Donec fringilla. Donec feugiat metus',90,'false',40,'false',21,'false','true','true','turpis non enim. Mauris quis turpis vitae purus gravida sagittis. Duis gravida. Praesent eu nulla at sem molestie sodales. Mauris blandit enim consequat purus. Maecenas libero est, congue a, aliquet vel, vulputate eu, odio. Phasellus at augue id ante dictum cursus. Nunc mauris elit, dictum eu,','2019-06-09 00:00:00-00',72,'2019-11-02 00:00:00-00'),
       ('inceptos hymenaeos.',40,'true',3,'true',18,'false','false','false','nulla. Integer urna. Vivamus molestie dapibus ligula. Aliquam erat volutpat. Nulla dignissim. Maecenas ornare egestas ligula. Nullam feugiat placerat velit. Quisque varius. Nam porttitor scelerisque neque. Nullam nisl. Maecenas malesuada fringilla est. Mauris eu turpis. Nulla aliquet. Proin velit.','2019-08-01 00:00:00-00',71,'2020-09-19 00:00:00-00'),
       ('Fusce diam nunc,',55,'true',1,'true',19,'false','true','true','Nam ligula elit,','2020-09-02 00:00:00-00',5,'2019-09-16 00:00:00-00'),
       ('parturient montes, nascetur',65,'true',33,'true',20,'true','true','true','enim, condimentum eget, volutpat ornare, facilisis eget,','2019-09-22 00:00:00-00',42,'2019-04-14 00:00:00-00'),
       ('at sem molestie sodales. Mauris',59,'false',5,'true',18,'false','true','true','urna. Vivamus molestie dapibus ligula. Aliquam erat volutpat. Nulla dignissim. Maecenas ornare egestas ligula. Nullam feugiat placerat velit. Quisque varius. Nam porttitor scelerisque neque. Nullam nisl. Maecenas malesuada fringilla est. Mauris eu turpis. Nulla','2019-12-06 00:00:00-00',72,'2020-11-17 00:00:00-00'),
       ('Morbi accumsan',94,'true',33,'false',19,'false','true','true','justo eu arcu. Morbi sit amet massa. Quisque porttitor eros nec tellus. Nunc lectus pede,','2019-05-19 00:00:00-00',36,'2020-05-13 00:00:00-00'),
       ('eu, odio. Phasellus',23,'true',43,'true',20,'false','true','false','non ante bibendum ullamcorper. Duis cursus, diam at pretium aliquet, metus urna convallis erat, eget tincidunt dui augue eu','2019-08-02 00:00:00-00',76,'2019-10-22 00:00:00-00'),
       ('sit amet',64,'true',16,'true',21,'false','false','false','nec, cursus a, enim. Suspendisse aliquet, sem ut cursus luctus, ipsum leo elementum sem, vitae aliquam eros turpis non enim. Mauris quis turpis vitae purus gravida sagittis. Duis gravida. Praesent eu nulla at','2020-03-25 00:00:00-00',72,'2021-02-20 00:00:00-00'),
       ('Vestibulum ante ipsum primis in',12,'false',23,'false',18,'true','true','false','commodo tincidunt nibh. Phasellus nulla. Integer vulputate, risus a ultricies adipiscing, enim mi tempor lorem, eget mollis lectus pede et risus. Quisque libero lacus, varius et, euismod et, commodo at, libero. Morbi accumsan laoreet ipsum. Curabitur consequat, lectus sit amet luctus vulputate, nisi sem semper erat, in consectetuer ipsum','2019-05-17 00:00:00-00',12,'2020-02-11 00:00:00-00'),
       ('mi. Aliquam gravida mauris ut',31,'true',1,'false',20,'true','false','false','tincidunt congue','2019-10-27 00:00:00-00',47,'2020-07-16 00:00:00-00'),
       ('rutrum non, hendrerit id,',56,'true',22,'true',19,'true','false','true','eget metus. In nec orci. Donec nibh. Quisque nonummy ipsum non arcu. Vivamus sit amet risus. Donec egestas. Aliquam nec enim. Nunc ut erat. Sed nunc est, mollis non, cursus non, egestas a, dui. Cras pellentesque. Sed dictum. Proin eget odio. Aliquam vulputate ullamcorper magna. Sed eu eros. Nam consequat','2020-09-06 00:00:00-00',78,'2021-02-07 00:00:00-00'),
       ('dolor. Quisque',81,'false',37,'false',19,'true','true','false','ac facilisis facilisis,','2020-09-20 00:00:00-00',68,'2020-02-28 00:00:00-00'),
       ('consequat auctor, nunc nulla',53,'true',24,'false',18,'true','true','false','dictum placerat, augue. Sed molestie. Sed id risus quis diam luctus lobortis. Class aptent taciti sociosqu ad litora torquent per conubia nostra, per inceptos hymenaeos. Mauris ut quam vel sapien imperdiet ornare. In faucibus. Morbi vehicula. Pellentesque tincidunt tempus','2019-06-13 00:00:00-00',35,'2020-11-02 00:00:00-00'),
       ('ante,',47,'false',49,'false',20,'true','false','false','amet, consectetuer adipiscing elit. Etiam laoreet, libero et tristique pellentesque, tellus sem mollis dui, in sodales elit erat vitae risus.','2019-08-03 00:00:00-00',75,'2020-01-13 00:00:00-00'),
       ('est tempor',83,'false',28,'true',18,'true','false','true','Nullam suscipit, est ac facilisis facilisis, magna tellus faucibus leo, in lobortis tellus justo','2019-05-07 00:00:00-00',92,'2019-07-04 00:00:00-00'),
       ('ac arcu. Nunc mauris. Morbi',84,'true',35,'false',21,'false','false','true','nonummy ac, feugiat non, lobortis quis, pede. Suspendisse dui. Fusce diam nunc, ullamcorper eu, euismod ac, fermentum vel, mauris. Integer sem elit,','2020-02-17 00:00:00-00',89,'2019-06-05 00:00:00-00'),
       ('est arcu ac orci.',61,'true',21,'false',20,'true','false','false','non ante bibendum ullamcorper. Duis cursus, diam at','2020-02-05 00:00:00-00',9,'2019-06-03 00:00:00-00'),
       ('magna et ipsum cursus vestibulum.',51,'false',11,'true',18,'true','true','true','placerat velit. Quisque varius. Nam porttitor scelerisque neque. Nullam nisl. Maecenas malesuada fringilla est. Mauris eu turpis. Nulla aliquet. Proin velit. Sed malesuada augue ut lacus. Nulla tincidunt, neque vitae semper egestas, urna justo faucibus lectus, a sollicitudin orci','2019-12-07 00:00:00-00',93,'2020-03-24 00:00:00-00'),
       ('in, hendrerit consectetuer,',41,'true',43,'true',20,'false','true','false','eget, ipsum. Donec sollicitudin adipiscing ligula. Aenean gravida nunc sed pede. Cum sociis natoque penatibus et magnis dis parturient montes, nascetur ridiculus mus. Proin vel arcu eu odio tristique','2019-12-10 00:00:00-00',50,'2020-11-22 00:00:00-00'),
       ('Ut tincidunt orci quis',53,'true',15,'false',18,'true','false','true','nonummy ipsum non arcu. Vivamus sit amet risus. Donec egestas. Aliquam nec enim. Nunc ut erat. Sed nunc est, mollis non, cursus non, egestas a, dui. Cras pellentesque. Sed dictum. Proin','2020-11-29 00:00:00-00',88,'2020-08-05 00:00:00-00'),
       ('Aliquam erat volutpat. Nulla',87,'true',38,'true',18,'true','false','false','a, malesuada id, erat. Etiam vestibulum massa rutrum magna. Cras convallis convallis dolor. Quisque tincidunt pede ac urna. Ut tincidunt vehicula risus. Nulla eget metus eu erat semper rutrum. Fusce dolor quam, elementum at, egestas a, scelerisque sed, sapien. Nunc pulvinar arcu et pede.','2020-05-30 00:00:00-00',49,'2019-05-21 00:00:00-00'),
       ('eu, ligula. Aenean',74,'false',9,'false',21,'true','false','true','Nullam velit dui, semper et, lacinia vitae, sodales at, velit. Pellentesque ultricies dignissim lacus. Aliquam rutrum lorem ac risus. Morbi metus. Vivamus euismod urna. Nullam lobortis quam a felis ullamcorper viverra. Maecenas iaculis aliquet diam. Sed diam lorem, auctor quis, tristique','2019-08-28 00:00:00-00',36,'2019-08-02 00:00:00-00'),
       ('Donec non',24,'true',22,'true',21,'true','false','true','libero. Donec consectetuer mauris id sapien. Cras dolor dolor, tempus non, lacinia at, iaculis quis, pede. Praesent eu dui. Cum sociis natoque penatibus et magnis dis parturient','2019-12-07 00:00:00-00',36,'2019-10-03 00:00:00-00'),
       ('in aliquet lobortis,',5,'true',19,'true',18,'true','true','true','sagittis lobortis mauris. Suspendisse aliquet molestie tellus. Aenean egestas hendrerit neque. In ornare sagittis felis. Donec tempor, est ac mattis semper, dui lectus rutrum urna, nec luctus felis purus ac tellus. Suspendisse sed dolor. Fusce mi lorem, vehicula et, rutrum eu, ultrices sit amet, risus. Donec nibh','2019-04-05 00:00:00-00',28,'2020-10-26 00:00:00-00'),
       ('vitae',69,'false',20,'true',18,'true','true','true','Nullam nisl. Maecenas malesuada fringilla est. Mauris eu turpis. Nulla aliquet.','2020-01-28 00:00:00-00',16,'2019-12-31 00:00:00-00'),
       ('sed, hendrerit',45,'false',44,'false',21,'true','false','false','Nunc sollicitudin commodo ipsum. Suspendisse non leo. Vivamus nibh dolor, nonummy ac, feugiat non,','2019-04-23 00:00:00-00',45,'2020-07-21 00:00:00-00'),
       ('per inceptos hymenaeos. Mauris',41,'false',6,'false',19,'false','false','false','at, velit. Cras lorem lorem, luctus ut, pellentesque eget, dictum placerat, augue. Sed molestie. Sed id risus quis diam','2020-08-22 00:00:00-00',60,'2019-11-22 00:00:00-00'),
       ('turpis nec mauris blandit mattis.',68,'true',44,'false',20,'true','true','false','consequat auctor, nunc nulla vulputate dui, nec tempus mauris erat eget ipsum. Suspendisse sagittis. Nullam vitae diam. Proin dolor. Nulla semper tellus id nunc interdum feugiat. Sed nec metus facilisis lorem','2019-08-20 00:00:00-00',53,'2020-07-27 00:00:00-00'),
       ('tellus id nunc interdum feugiat.',82,'false',47,'true',21,'false','false','false','Aliquam erat volutpat. Nulla dignissim. Maecenas ornare','2021-02-18 00:00:00-00',90,'2019-08-07 00:00:00-00'),
       ('consectetuer, cursus et, magna. Praesent',15,'false',4,'true',20,'false','true','false','ullamcorper eu, euismod ac, fermentum vel, mauris. Integer sem elit, pharetra ut, pharetra sed, hendrerit a, arcu. Sed et libero. Proin mi. Aliquam gravida mauris ut mi. Duis risus odio, auctor vitae, aliquet nec, imperdiet nec, leo. Morbi neque tellus, imperdiet non, vestibulum nec, euismod in, dolor.','2020-01-22 00:00:00-00',13,'2019-04-24 00:00:00-00'),
       ('sed, hendrerit',10,'true',46,'true',20,'true','false','false','at pede.','2019-08-26 00:00:00-00',16,'2020-04-11 00:00:00-00'),
       ('et ipsum cursus vestibulum. Mauris',65,'false',25,'true',18,'true','false','false','iaculis, lacus pede sagittis augue, eu tempor erat neque non quam.','2020-12-19 00:00:00-00',55,'2019-12-19 00:00:00-00'),
       ('orci. Ut sagittis lobortis mauris.',20,'true',17,'false',19,'false','false','false','enim. Suspendisse aliquet, sem ut cursus luctus, ipsum leo elementum sem, vitae aliquam eros turpis non enim. Mauris quis turpis vitae purus gravida sagittis. Duis gravida. Praesent eu nulla at sem molestie sodales. Mauris blandit enim consequat purus. Maecenas libero est, congue a, aliquet vel, vulputate eu, odio. Phasellus','2020-11-26 00:00:00-00',53,'2019-04-09 00:00:00-00'),
       ('posuere, enim',20,'false',9,'true',20,'false','false','false','Mauris vestibulum, neque sed dictum eleifend, nunc risus varius orci, in consequat enim diam vel arcu. Curabitur ut odio vel est tempor bibendum. Donec felis orci, adipiscing non, luctus sit amet, faucibus ut, nulla. Cras eu tellus eu augue porttitor interdum. Sed','2019-06-11 00:00:00-00',27,'2020-08-16 00:00:00-00'),
       ('Maecenas malesuada fringilla est. Mauris',13,'false',5,'true',18,'true','true','false','cursus et, eros. Proin ultrices. Duis volutpat nunc sit amet metus. Aliquam erat volutpat. Nulla facilisis. Suspendisse commodo tincidunt nibh. Phasellus nulla. Integer vulputate,','2020-07-07 00:00:00-00',28,'2019-03-16 00:00:00-00'),
       ('eu tellus eu augue',23,'true',49,'true',19,'false','true','false','ut eros non enim commodo hendrerit. Donec porttitor tellus non magna. Nam ligula elit, pretium et, rutrum non, hendrerit id, ante. Nunc mauris sapien, cursus in, hendrerit','2019-08-02 00:00:00-00',85,'2020-07-15 00:00:00-00'),
       ('et',35,'false',29,'true',20,'false','true','false','Sed pharetra, felis eget varius ultrices, mauris ipsum porta elit, a feugiat tellus lorem eu metus. In lorem. Donec elementum, lorem ut aliquam','2019-10-29 00:00:00-00',45,'2020-08-23 00:00:00-00'),
       ('risus. Nulla eget metus eu',22,'true',7,'false',18,'false','false','true','vitae risus. Duis a mi fringilla mi lacinia mattis. Integer eu lacus. Quisque imperdiet, erat nonummy ultricies ornare, elit elit fermentum risus, at fringilla purus mauris a nunc. In at pede. Cras vulputate velit eu','2020-04-27 00:00:00-00',27,'2020-12-21 00:00:00-00'),
       ('Sed congue, elit sed consequat',89,'true',36,'false',21,'true','false','false','mi felis,','2020-08-17 00:00:00-00',42,'2019-11-27 00:00:00-00'),
       ('enim.',55,'true',3,'false',21,'true','false','true','fringilla ornare placerat, orci lacus vestibulum lorem, sit amet ultricies sem magna nec quam. Curabitur vel lectus. Cum sociis natoque penatibus et magnis dis parturient montes, nascetur ridiculus mus. Donec dignissim magna a tortor. Nunc commodo auctor velit. Aliquam nisl. Nulla eu neque pellentesque massa lobortis ultrices. Vivamus rhoncus. Donec','2021-01-27 00:00:00-00',24,'2019-08-01 00:00:00-00'),
       ('in, hendrerit consectetuer,',70,'true',34,'false',19,'false','true','false','parturient montes, nascetur ridiculus mus. Proin vel nisl. Quisque fringilla euismod enim. Etiam gravida molestie arcu. Sed eu nibh','2019-09-25 00:00:00-00',2,'2020-09-25 00:00:00-00'),
       ('purus',22,'true',19,'true',21,'true','true','false','est arcu ac orci. Ut semper pretium neque. Morbi quis urna. Nunc quis arcu vel quam dignissim pharetra. Nam ac nulla. In tincidunt congue','2020-09-25 00:00:00-00',55,'2019-08-01 00:00:00-00'),
       ('egestas, urna justo faucibus lectus,',86,'true',41,'false',21,'true','false','true','sociis natoque penatibus et magnis dis parturient montes, nascetur ridiculus mus. Proin vel arcu eu odio tristique pharetra. Quisque ac libero nec ligula consectetuer rhoncus. Nullam velit','2020-10-01 00:00:00-00',32,'2020-08-18 00:00:00-00'),
       ('natoque',1,'false',35,'true',19,'false','true','false','egestas ligula. Nullam feugiat placerat velit. Quisque varius. Nam porttitor scelerisque neque. Nullam nisl. Maecenas malesuada fringilla est. Mauris eu turpis.','2021-02-24 00:00:00-00',76,'2020-06-30 00:00:00-00'),
       ('erat vitae risus.',90,'false',44,'false',18,'true','false','true','scelerisque scelerisque dui. Suspendisse ac metus vitae velit egestas lacinia. Sed congue, elit sed consequat auctor, nunc nulla vulputate dui, nec tempus mauris erat eget ipsum. Suspendisse sagittis. Nullam vitae diam. Proin dolor. Nulla semper tellus id nunc interdum feugiat. Sed nec','2020-06-08 00:00:00-00',45,'2021-02-25 00:00:00-00'),
       ('Duis gravida. Praesent',74,'true',28,'false',21,'false','true','true','sem mollis dui, in sodales elit erat vitae risus. Duis a mi fringilla mi lacinia mattis. Integer eu lacus. Quisque imperdiet, erat nonummy ultricies ornare, elit elit fermentum risus, at fringilla purus mauris a nunc. In at pede. Cras vulputate velit eu sem. Pellentesque ut ipsum ac mi eleifend egestas.','2019-09-19 00:00:00-00',71,'2021-01-26 00:00:00-00'),
       ('dui,',71,'false',4,'false',19,'false','true','false','interdum enim non nisi. Aenean eget metus. In nec orci. Donec nibh. Quisque nonummy ipsum non arcu. Vivamus sit amet risus.','2020-04-07 00:00:00-00',32,'2019-12-17 00:00:00-00'),
       ('eu metus. In lorem.',93,'false',4,'false',19,'true','false','false','id nunc interdum feugiat. Sed nec metus facilisis lorem tristique aliquet. Phasellus fermentum convallis ligula. Donec luctus aliquet odio. Etiam ligula tortor, dictum eu, placerat eget, venenatis a, magna. Lorem ipsum dolor sit amet, consectetuer adipiscing','2020-04-05 00:00:00-00',43,'2019-06-14 00:00:00-00'),
       ('leo.',79,'false',25,'true',19,'true','false','false','nisi nibh lacinia orci, consectetuer','2021-02-06 00:00:00-00',89,'2020-07-17 00:00:00-00'),
       ('feugiat',53,'false',2,'true',20,'false','false','true','nibh vulputate mauris sagittis placerat. Cras dictum ultricies ligula. Nullam enim. Sed nulla ante, iaculis nec, eleifend non, dapibus rutrum, justo. Praesent luctus. Curabitur egestas nunc sed libero. Proin sed turpis nec mauris blandit mattis. Cras eget nisi dictum','2020-05-18 00:00:00-00',42,'2019-04-07 00:00:00-00'),
       ('Donec tempor, est ac',15,'true',37,'true',18,'true','true','false','Donec','2021-01-11 00:00:00-00',95,'2019-05-10 00:00:00-00'),
       ('in lobortis tellus justo',44,'true',50,'false',19,'false','false','false','lectus, a sollicitudin orci sem eget massa. Suspendisse eleifend. Cras sed leo. Cras vehicula aliquet libero. Integer in magna. Phasellus dolor elit, pellentesque a, facilisis non, bibendum sed, est. Nunc laoreet lectus quis massa. Mauris vestibulum, neque sed dictum eleifend,','2019-12-08 00:00:00-00',11,'2020-01-30 00:00:00-00'),
       ('iaculis odio.',16,'true',41,'false',18,'true','false','false','mattis. Integer eu lacus. Quisque imperdiet, erat nonummy ultricies ornare, elit elit fermentum risus, at fringilla purus mauris a nunc. In at pede. Cras vulputate velit eu','2019-09-07 00:00:00-00',50,'2020-06-20 00:00:00-00'),
       ('neque. Sed eget lacus. Mauris',54,'true',41,'true',18,'true','false','false','magna a tortor. Nunc commodo auctor velit. Aliquam nisl. Nulla eu neque pellentesque massa lobortis ultrices. Vivamus rhoncus. Donec est. Nunc ullamcorper, velit','2021-01-29 00:00:00-00',37,'2020-10-17 00:00:00-00'),
       ('justo.',6,'true',22,'false',18,'false','true','false','semper auctor. Mauris vel turpis. Aliquam adipiscing lobortis risus. In mi pede, nonummy ut, molestie in, tempus eu, ligula. Aenean','2020-12-11 00:00:00-00',29,'2020-08-25 00:00:00-00'),
       ('Ut nec urna et',27,'true',22,'false',20,'true','false','false','risus. Quisque libero lacus, varius et, euismod et, commodo at, libero. Morbi accumsan laoreet ipsum. Curabitur consequat, lectus sit amet luctus vulputate, nisi sem semper erat, in consectetuer ipsum nunc id enim. Curabitur massa. Vestibulum accumsan neque et nunc. Quisque ornare tortor','2020-05-14 00:00:00-00',78,'2020-08-05 00:00:00-00'),
       ('magna, malesuada',40,'false',3,'true',19,'false','false','false','semper egestas, urna justo faucibus lectus, a sollicitudin orci sem eget massa. Suspendisse eleifend. Cras sed leo. Cras vehicula aliquet libero. Integer in magna. Phasellus dolor elit, pellentesque a, facilisis non, bibendum sed,','2019-11-12 00:00:00-00',49,'2020-08-19 00:00:00-00'),
       ('Quisque imperdiet, erat nonummy',21,'true',37,'true',21,'false','true','true','lobortis, nisi nibh lacinia orci, consectetuer euismod est arcu ac orci. Ut semper pretium neque. Morbi quis urna. Nunc quis arcu vel quam dignissim pharetra. Nam ac nulla. In tincidunt congue turpis. In condimentum. Donec at arcu. Vestibulum','2020-05-16 00:00:00-00',3,'2020-07-13 00:00:00-00'),
       ('ligula. Aliquam',32,'false',4,'true',21,'false','false','true','dui augue eu tellus. Phasellus elit pede, malesuada vel, venenatis vel, faucibus id, libero. Donec consectetuer mauris id sapien. Cras dolor dolor, tempus non, lacinia at, iaculis quis, pede. Praesent eu dui. Cum sociis natoque penatibus et','2019-08-28 00:00:00-00',31,'2019-08-15 00:00:00-00'),
       ('varius. Nam porttitor scelerisque neque.',39,'true',8,'false',21,'true','false','false','ut odio','2019-07-10 00:00:00-00',15,'2020-10-14 00:00:00-00'),
       ('arcu iaculis enim,',42,'false',26,'true',18,'true','false','false','Morbi accumsan laoreet ipsum. Curabitur consequat, lectus sit','2020-01-23 00:00:00-00',55,'2019-09-04 00:00:00-00'),
       ('orci sem',13,'false',38,'true',21,'true','true','false','malesuada augue ut lacus. Nulla tincidunt, neque vitae semper egestas, urna justo faucibus lectus, a sollicitudin orci sem eget massa. Suspendisse eleifend. Cras sed leo. Cras vehicula aliquet libero. Integer in magna. Phasellus dolor elit, pellentesque a, facilisis non, bibendum sed, est. Nunc laoreet','2019-09-21 00:00:00-00',11,'2020-04-26 00:00:00-00'),
       ('a purus.',24,'true',8,'false',18,'true','false','false','ut nisi a odio semper cursus. Integer mollis. Integer tincidunt aliquam arcu. Aliquam ultrices iaculis odio. Nam interdum enim non nisi. Aenean eget metus. In nec orci. Donec nibh. Quisque nonummy ipsum non arcu. Vivamus sit amet','2020-09-24 00:00:00-00',50,'2020-10-26 00:00:00-00'),
       ('turpis non enim.',58,'true',23,'false',18,'true','true','true','eu sem. Pellentesque ut ipsum ac mi eleifend egestas. Sed pharetra,','2020-08-13 00:00:00-00',23,'2019-06-25 00:00:00-00'),
       ('pede, nonummy ut, molestie in,',62,'false',6,'false',21,'false','true','true','facilisis vitae, orci. Phasellus dapibus quam quis diam. Pellentesque habitant morbi tristique senectus et netus et malesuada fames ac turpis egestas. Fusce aliquet magna a neque. Nullam ut nisi a odio semper cursus. Integer mollis. Integer tincidunt aliquam arcu. Aliquam','2021-01-29 00:00:00-00',45,'2019-09-30 00:00:00-00'),
       ('dis parturient montes, nascetur',42,'false',38,'false',20,'true','false','false','penatibus et magnis dis parturient montes, nascetur ridiculus mus.','2020-03-02 00:00:00-00',15,'2019-06-04 00:00:00-00'),
       ('id, ante.',60,'true',21,'false',18,'false','false','true','aliquet odio. Etiam ligula tortor, dictum eu, placerat eget, venenatis a, magna. Lorem ipsum dolor sit amet, consectetuer adipiscing elit. Etiam laoreet, libero et tristique pellentesque, tellus sem mollis dui, in sodales elit erat vitae risus. Duis a mi fringilla mi lacinia mattis. Integer eu lacus. Quisque imperdiet, erat','2020-08-16 00:00:00-00',10,'2020-03-21 00:00:00-00'),
       ('nisl. Quisque fringilla euismod',97,'false',25,'false',18,'false','true','false','feugiat non, lobortis quis, pede. Suspendisse dui. Fusce diam nunc, ullamcorper eu,','2019-10-20 00:00:00-00',79,'2019-12-07 00:00:00-00'),
       ('interdum.',92,'false',28,'false',18,'true','false','false','accumsan convallis, ante lectus convallis est, vitae sodales nisi magna sed dui. Fusce','2019-07-07 00:00:00-00',43,'2020-01-18 00:00:00-00'),
       ('nibh. Quisque nonummy ipsum',60,'false',20,'true',20,'false','false','false','turpis. Nulla aliquet. Proin velit. Sed malesuada augue ut lacus. Nulla tincidunt, neque vitae semper egestas, urna justo faucibus lectus, a sollicitudin orci sem eget massa. Suspendisse eleifend. Cras sed leo. Cras vehicula aliquet libero. Integer in magna. Phasellus dolor elit, pellentesque a, facilisis non, bibendum sed,','2020-08-16 00:00:00-00',84,'2020-09-07 00:00:00-00'),
       ('sit',84,'false',32,'false',20,'false','false','true','Phasellus in felis. Nulla tempor augue ac ipsum. Phasellus vitae mauris sit amet lorem semper auctor. Mauris vel turpis. Aliquam adipiscing lobortis risus. In mi pede, nonummy ut, molestie in, tempus eu, ligula. Aenean euismod mauris eu elit. Nulla facilisi. Sed neque. Sed eget lacus. Mauris non dui nec urna','2019-08-09 00:00:00-00',65,'2020-03-01 00:00:00-00'),
       ('nonummy',35,'true',18,'true',21,'true','true','false','id, libero. Donec consectetuer mauris id sapien. Cras dolor dolor, tempus non, lacinia at, iaculis quis, pede. Praesent eu dui. Cum sociis natoque penatibus et magnis dis parturient montes, nascetur ridiculus mus. Aenean eget magna. Suspendisse tristique neque venenatis lacus. Etiam bibendum fermentum metus. Aenean','2020-10-21 00:00:00-00',80,'2019-11-06 00:00:00-00'),
       ('et netus et malesuada',70,'false',46,'false',19,'true','true','false','Etiam','2019-07-27 00:00:00-00',48,'2019-11-11 00:00:00-00'),
       ('neque venenatis lacus.',48,'false',36,'true',18,'false','true','false','Ut tincidunt orci quis lectus. Nullam suscipit, est ac facilisis facilisis, magna tellus faucibus leo, in lobortis tellus justo sit amet nulla. Donec non justo. Proin non massa non ante bibendum ullamcorper. Duis cursus, diam at pretium aliquet,','2019-09-28 00:00:00-00',48,'2020-09-02 00:00:00-00'),
       ('ac, fermentum vel, mauris.',18,'false',29,'true',20,'false','false','false','dapibus gravida. Aliquam tincidunt, nunc ac mattis ornare, lectus ante dictum mi, ac mattis velit justo nec ante. Maecenas mi felis, adipiscing fringilla, porttitor vulputate, posuere','2019-10-03 00:00:00-00',73,'2019-09-28 00:00:00-00'),
       ('ac mattis velit',64,'true',30,'true',21,'false','true','true','Donec felis','2020-08-10 00:00:00-00',56,'2019-11-02 00:00:00-00'),
       ('dis',84,'true',14,'false',21,'false','false','true','Duis mi enim, condimentum eget, volutpat ornare, facilisis eget, ipsum. Donec sollicitudin adipiscing ligula. Aenean gravida nunc sed pede. Cum sociis natoque penatibus et magnis dis parturient montes, nascetur ridiculus mus. Proin vel arcu eu odio tristique pharetra. Quisque ac libero nec ligula consectetuer','2020-06-21 00:00:00-00',71,'2020-03-02 00:00:00-00'),
       ('diam at pretium',50,'true',2,'false',19,'true','true','true','ultrices a, auctor non, feugiat nec, diam. Duis mi enim, condimentum eget, volutpat ornare, facilisis eget, ipsum. Donec sollicitudin adipiscing ligula. Aenean gravida nunc sed pede. Cum sociis natoque penatibus et magnis','2019-10-21 00:00:00-00',1,'2020-12-24 00:00:00-00'),
       ('Sed eget lacus. Mauris non',65,'false',23,'true',19,'false','false','false','sed turpis nec mauris blandit mattis. Cras eget nisi dictum augue malesuada malesuada. Integer id magna et ipsum cursus vestibulum. Mauris magna. Duis dignissim tempor arcu.','2019-09-04 00:00:00-00',19,'2020-07-20 00:00:00-00'),
       ('neque venenatis lacus. Etiam',36,'false',30,'false',18,'true','false','false','Sed eu eros. Nam consequat dolor vitae dolor. Donec fringilla. Donec feugiat metus sit amet ante. Vivamus non lorem vitae odio sagittis semper. Nam tempor diam dictum sapien. Aenean massa. Integer vitae nibh. Donec est mauris, rhoncus id, mollis nec, cursus a, enim. Suspendisse aliquet, sem ut cursus luctus,','2019-03-09 00:00:00-00',13,'2020-03-04 00:00:00-00'),
       ('placerat,',88,'false',41,'false',21,'true','true','false','egestas lacinia. Sed congue, elit sed consequat auctor,','2021-02-17 00:00:00-00',43,'2020-03-30 00:00:00-00'),
       ('diam',78,'true',29,'true',18,'false','true','false','Donec felis orci, adipiscing non, luctus sit amet, faucibus','2020-11-17 00:00:00-00',69,'2020-10-15 00:00:00-00'),
       ('sociis natoque penatibus et magnis',27,'false',23,'false',21,'true','true','true','sed, est. Nunc laoreet lectus quis massa. Mauris vestibulum, neque','2020-12-23 00:00:00-00',88,'2020-11-19 00:00:00-00');


ALTER SEQUENCE profile_id_seq RESTART WITH 1;

-- Profile --

INSERT INTO "profile" (individual_id,
                       karma_points,
                       women_only,
                       bio)
VALUES (1,32,'false','purus. Nullam scelerisque neque sed sem egestas blandit. Nam nulla magna, malesuada vel, convallis in, cursus et, eros. Proin ultrices. Duis volutpat nunc sit amet metus. Aliquam'),
       (2,35,'true','interdum ligula eu enim. Etiam imperdiet dictum magna. Ut tincidunt orci quis lectus. Nullam suscipit, est ac facilisis facilisis, magna tellus faucibus leo, in lobortis tellus justo sit amet nulla. Donec non justo. Proin non massa non ante bibendum ullamcorper. Duis cursus, diam at pretium aliquet, metus urna convallis erat, eget tincidunt dui augue eu tellus.'),
       (3,0,'false','ipsum sodales purus, in molestie tortor nibh sit amet orci. Ut sagittis lobortis mauris. Suspendisse aliquet molestie tellus. Aenean egestas hendrerit neque. In ornare sagittis felis. Donec tempor, est ac mattis semper, dui lectus rutrum urna, nec luctus felis purus ac tellus. Suspendisse sed dolor. Fusce mi lorem, vehicula et, rutrum eu, ultrices sit amet, risus. Donec nibh enim, gravida sit amet, dapibus id, blandit at, nisi. Cum sociis natoque penatibus'),
       (4,63,'true','magna sed dui. Fusce aliquam, enim nec tempus scelerisque, lorem ipsum sodales purus, in molestie tortor nibh sit amet orci. Ut sagittis lobortis mauris. Suspendisse aliquet molestie tellus. Aenean egestas hendrerit neque. In ornare sagittis felis. Donec tempor, est ac mattis semper, dui lectus rutrum urna, nec'),
       (5,61,'false','sapien. Aenean massa. Integer vitae nibh. Donec est mauris, rhoncus id, mollis nec, cursus a, enim. Suspendisse aliquet, sem ut cursus luctus, ipsum leo elementum sem, vitae aliquam eros turpis non enim. Mauris quis turpis vitae purus gravida sagittis. Duis gravida. Praesent eu nulla at sem'),
       (6,100,'true','venenatis a, magna. Lorem ipsum dolor sit amet, consectetuer adipiscing elit. Etiam laoreet, libero et tristique pellentesque, tellus sem mollis dui, in sodales elit erat vitae risus. Duis a mi fringilla mi lacinia mattis. Integer eu lacus. Quisque imperdiet,'),
       (7,36,'true','consectetuer rhoncus. Nullam velit dui, semper et, lacinia vitae, sodales at, velit. Pellentesque ultricies dignissim lacus.'),
       (8,74,'true','augue ac ipsum. Phasellus vitae mauris sit amet lorem semper auctor. Mauris vel turpis. Aliquam adipiscing lobortis risus. In mi pede, nonummy ut, molestie in, tempus eu, ligula. Aenean euismod mauris eu elit. Nulla facilisi. Sed neque. Sed eget lacus. Mauris non dui nec urna suscipit nonummy. Fusce fermentum fermentum arcu. Vestibulum ante'),
       (9,63,'true','suscipit, est ac facilisis facilisis, magna'),
       (10,71,'true','hymenaeos. Mauris ut quam vel sapien imperdiet ornare. In faucibus. Morbi vehicula. Pellentesque tincidunt tempus risus. Donec egestas. Duis ac arcu. Nunc mauris. Morbi non sapien molestie orci tincidunt adipiscing. Mauris molestie pharetra nibh. Aliquam ornare, libero at auctor ullamcorper, nisl arcu iaculis enim, sit amet ornare lectus justo'),
       (11,83,'false','blandit enim consequat purus. Maecenas libero est, congue a, aliquet vel, vulputate eu, odio. Phasellus at augue id ante dictum cursus. Nunc mauris elit, dictum eu, eleifend nec, malesuada ut, sem. Nulla interdum. Curabitur dictum. Phasellus in felis. Nulla tempor augue ac ipsum. Phasellus vitae mauris sit amet lorem semper auctor. Mauris vel turpis. Aliquam adipiscing lobortis risus. In mi pede, nonummy ut, molestie in,'),
       (12,50,'true','ante, iaculis nec, eleifend non, dapibus rutrum, justo. Praesent luctus. Curabitur egestas nunc sed libero. Proin sed turpis nec mauris blandit mattis. Cras eget nisi dictum augue malesuada malesuada. Integer id magna et ipsum cursus vestibulum. Mauris magna. Duis dignissim tempor arcu. Vestibulum ut eros non enim commodo hendrerit. Donec porttitor tellus non magna. Nam ligula elit, pretium et, rutrum non, hendrerit id, ante. Nunc mauris sapien, cursus in, hendrerit consectetuer, cursus et, magna. Praesent interdum ligula eu enim.'),
       (13,83,'true','metus facilisis lorem tristique aliquet. Phasellus fermentum convallis ligula. Donec luctus aliquet odio. Etiam ligula tortor, dictum eu, placerat eget, venenatis a, magna. Lorem ipsum dolor sit amet, consectetuer adipiscing elit. Etiam laoreet, libero et tristique pellentesque, tellus sem mollis dui, in sodales elit erat vitae risus. Duis a mi fringilla mi lacinia mattis. Integer eu lacus. Quisque imperdiet, erat'),
       (14,59,'true','ultricies dignissim lacus. Aliquam rutrum lorem ac risus. Morbi metus. Vivamus euismod urna. Nullam lobortis quam a felis ullamcorper viverra. Maecenas iaculis aliquet diam. Sed diam lorem, auctor quis, tristique ac, eleifend vitae, erat. Vivamus nisi. Mauris nulla. Integer urna. Vivamus molestie dapibus ligula. Aliquam erat volutpat. Nulla dignissim. Maecenas ornare egestas ligula. Nullam feugiat placerat velit. Quisque varius. Nam porttitor scelerisque neque. Nullam nisl. Maecenas malesuada fringilla est.'),
       (15,47,'false','dolor. Fusce mi lorem, vehicula et, rutrum eu, ultrices sit amet, risus. Donec nibh enim, gravida sit amet, dapibus id, blandit at, nisi. Cum sociis natoque penatibus et magnis dis parturient montes, nascetur ridiculus mus. Proin vel nisl. Quisque fringilla euismod enim. Etiam gravida molestie arcu. Sed eu nibh vulputate mauris sagittis placerat. Cras dictum ultricies ligula. Nullam enim. Sed nulla ante, iaculis nec, eleifend non, dapibus rutrum, justo. Praesent luctus. Curabitur egestas nunc sed libero. Proin sed'),
       (16,70,'false','mauris ipsum porta elit, a feugiat tellus lorem eu metus. In lorem. Donec elementum, lorem ut aliquam iaculis, lacus pede sagittis augue, eu tempor erat neque non quam. Pellentesque habitant morbi tristique senectus et netus et malesuada fames ac turpis egestas. Aliquam fringilla cursus purus. Nullam scelerisque neque sed sem egestas blandit. Nam nulla magna, malesuada vel, convallis in, cursus et, eros. Proin ultrices. Duis volutpat nunc sit amet metus. Aliquam erat volutpat. Nulla facilisis. Suspendisse commodo tincidunt nibh. Phasellus nulla. Integer vulputate, risus'),
       (17,10,'true','Curae; Phasellus ornare. Fusce mollis. Duis sit amet diam eu dolor egestas rhoncus. Proin nisl sem, consequat nec, mollis vitae, posuere at, velit. Cras lorem lorem, luctus ut, pellentesque eget, dictum placerat, augue. Sed molestie. Sed id risus quis diam luctus lobortis. Class aptent taciti sociosqu ad litora torquent per conubia nostra, per inceptos hymenaeos. Mauris ut quam'),
       (18,72,'false','in consequat enim diam vel arcu. Curabitur ut odio vel est tempor bibendum. Donec felis orci,'),
       (19,95,'false','eros nec tellus. Nunc lectus pede, ultrices a, auctor non, feugiat nec, diam. Duis mi enim, condimentum eget, volutpat ornare, facilisis eget, ipsum. Donec sollicitudin adipiscing ligula. Aenean gravida nunc'),
       (20,80,'false','quam quis'),
       (21,84,'true','enim, condimentum eget, volutpat ornare, facilisis eget, ipsum. Donec sollicitudin adipiscing ligula. Aenean gravida nunc sed pede. Cum sociis natoque penatibus et magnis dis parturient montes, nascetur ridiculus mus. Proin vel arcu eu odio tristique pharetra. Quisque ac libero nec ligula consectetuer rhoncus. Nullam velit dui, semper et, lacinia vitae, sodales at, velit. Pellentesque ultricies dignissim lacus.'),
       (22,21,'false','Aliquam erat volutpat. Nulla dignissim. Maecenas ornare egestas ligula. Nullam feugiat placerat velit. Quisque varius. Nam porttitor scelerisque neque. Nullam nisl. Maecenas malesuada fringilla est. Mauris eu turpis.'),
       (23,24,'true','rutrum. Fusce dolor quam, elementum at, egestas'),
       (24,52,'false','est mauris, rhoncus id, mollis nec, cursus a, enim. Suspendisse aliquet, sem ut cursus luctus, ipsum leo elementum sem, vitae aliquam eros turpis non enim. Mauris quis turpis vitae purus gravida sagittis. Duis gravida. Praesent eu nulla at sem molestie sodales. Mauris blandit enim consequat purus. Maecenas libero est, congue a, aliquet vel, vulputate eu, odio. Phasellus at augue id ante dictum cursus. Nunc mauris elit, dictum eu, eleifend'),
       (25,45,'false','Quisque imperdiet, erat nonummy ultricies ornare, elit elit fermentum risus, at fringilla purus mauris a nunc. In at pede. Cras vulputate velit eu sem. Pellentesque ut ipsum ac mi eleifend egestas. Sed pharetra, felis eget varius ultrices, mauris ipsum porta elit, a feugiat tellus lorem eu metus. In lorem. Donec elementum, lorem ut aliquam iaculis, lacus pede sagittis augue, eu tempor erat neque non quam. Pellentesque habitant morbi tristique senectus et netus et malesuada fames ac turpis egestas. Aliquam fringilla cursus purus. Nullam scelerisque neque sed sem egestas blandit. Nam nulla magna, malesuada vel, convallis'),
       (26,35,'true','pharetra. Nam ac nulla. In tincidunt congue turpis. In condimentum. Donec at arcu. Vestibulum ante ipsum primis in faucibus orci luctus et ultrices posuere cubilia Curae; Donec tincidunt. Donec vitae erat vel pede blandit congue. In scelerisque scelerisque dui. Suspendisse ac metus vitae velit egestas lacinia. Sed congue, elit sed consequat auctor, nunc nulla vulputate dui, nec tempus mauris erat eget ipsum. Suspendisse sagittis. Nullam vitae diam. Proin dolor. Nulla semper tellus id nunc interdum feugiat. Sed nec metus facilisis lorem tristique aliquet. Phasellus fermentum convallis ligula. Donec luctus aliquet'),
       (27,99,'true','lobortis tellus justo sit amet nulla. Donec non justo. Proin non massa non ante bibendum ullamcorper. Duis cursus, diam at pretium aliquet, metus urna convallis erat, eget tincidunt dui augue eu tellus. Phasellus elit pede, malesuada vel, venenatis vel, faucibus id, libero. Donec consectetuer mauris id sapien. Cras dolor dolor, tempus non, lacinia at, iaculis quis, pede. Praesent eu dui. Cum sociis natoque penatibus et magnis dis parturient montes, nascetur ridiculus mus. Aenean eget magna. Suspendisse tristique neque venenatis lacus. Etiam bibendum fermentum metus. Aenean sed pede nec ante blandit viverra. Donec tempus, lorem'),
       (28,70,'true','dui. Cras pellentesque. Sed dictum. Proin eget odio. Aliquam vulputate ullamcorper magna. Sed eu eros. Nam consequat dolor vitae dolor. Donec fringilla. Donec feugiat metus sit amet ante. Vivamus non lorem vitae odio sagittis semper. Nam tempor diam dictum sapien. Aenean massa. Integer vitae nibh. Donec est mauris, rhoncus id, mollis nec, cursus a, enim. Suspendisse aliquet, sem ut cursus luctus, ipsum leo elementum sem, vitae'),
       (29,42,'true','amet orci. Ut sagittis lobortis mauris. Suspendisse aliquet molestie tellus. Aenean egestas hendrerit neque. In ornare sagittis felis. Donec tempor, est ac mattis semper, dui lectus rutrum urna, nec luctus felis purus ac tellus. Suspendisse sed dolor. Fusce mi lorem, vehicula et, rutrum eu, ultrices sit amet, risus. Donec nibh enim, gravida sit amet, dapibus id, blandit'),
       (30,83,'true','ac urna. Ut tincidunt vehicula risus. Nulla eget metus eu erat semper rutrum. Fusce dolor quam, elementum at, egestas a, scelerisque sed, sapien. Nunc pulvinar arcu et pede. Nunc sed orci lobortis augue scelerisque mollis. Phasellus libero mauris, aliquam eu, accumsan sed, facilisis vitae, orci. Phasellus dapibus quam quis diam. Pellentesque habitant morbi tristique senectus et netus et malesuada fames ac turpis egestas. Fusce aliquet magna a neque. Nullam ut nisi a odio semper cursus. Integer mollis. Integer tincidunt aliquam arcu. Aliquam ultrices iaculis odio. Nam interdum enim non nisi. Aenean eget metus. In nec orci. Donec'),
       (31,47,'false','mauris blandit mattis. Cras eget nisi dictum augue malesuada malesuada.'),
       (32,99,'true','Sed pharetra, felis eget varius ultrices, mauris ipsum porta elit, a feugiat tellus lorem eu metus. In lorem. Donec elementum, lorem ut aliquam iaculis, lacus pede sagittis augue, eu tempor erat neque non quam. Pellentesque habitant morbi tristique senectus et netus et malesuada fames ac turpis egestas. Aliquam fringilla cursus purus. Nullam scelerisque neque sed sem egestas blandit. Nam nulla magna, malesuada vel, convallis in, cursus et, eros. Proin ultrices. Duis volutpat nunc sit amet metus. Aliquam erat volutpat. Nulla facilisis. Suspendisse commodo tincidunt nibh. Phasellus nulla. Integer vulputate, risus a ultricies adipiscing, enim'),
       (33,48,'true','dolor, nonummy ac, feugiat non, lobortis quis, pede. Suspendisse dui. Fusce diam nunc, ullamcorper eu, euismod ac, fermentum vel, mauris. Integer sem elit, pharetra ut, pharetra sed, hendrerit a, arcu. Sed et libero. Proin mi. Aliquam gravida mauris ut mi. Duis risus odio, auctor vitae,'),
       (34,5,'false','inceptos hymenaeos. Mauris ut quam vel sapien imperdiet ornare. In faucibus. Morbi vehicula. Pellentesque tincidunt tempus risus. Donec egestas. Duis ac arcu. Nunc mauris. Morbi non sapien molestie orci tincidunt adipiscing. Mauris molestie pharetra nibh. Aliquam ornare, libero at auctor'),
       (35,39,'false','enim. Nunc ut erat. Sed nunc est, mollis non, cursus non, egestas a, dui. Cras pellentesque. Sed dictum. Proin eget odio. Aliquam vulputate ullamcorper magna. Sed eu eros. Nam consequat dolor vitae dolor. Donec fringilla. Donec feugiat'),
       (36,83,'false','Quisque fringilla euismod enim. Etiam gravida molestie arcu. Sed eu nibh vulputate mauris sagittis placerat. Cras dictum ultricies ligula. Nullam enim. Sed'),
       (37,99,'true','ultricies adipiscing, enim mi tempor lorem, eget mollis lectus pede et risus. Quisque libero lacus, varius et, euismod et, commodo at, libero. Morbi accumsan laoreet ipsum. Curabitur consequat, lectus sit amet luctus vulputate, nisi sem semper erat, in consectetuer ipsum nunc id enim. Curabitur massa. Vestibulum'),
       (38,62,'true','at pretium aliquet, metus urna convallis erat, eget tincidunt dui augue eu tellus. Phasellus elit pede, malesuada vel, venenatis vel, faucibus id, libero. Donec consectetuer mauris id'),
       (39,65,'true','tincidunt aliquam arcu. Aliquam ultrices iaculis odio. Nam interdum enim non nisi. Aenean eget metus. In nec orci. Donec nibh. Quisque nonummy ipsum non arcu. Vivamus sit amet risus. Donec egestas. Aliquam nec enim. Nunc ut erat. Sed nunc est, mollis non, cursus non, egestas a, dui. Cras pellentesque. Sed dictum. Proin eget odio. Aliquam vulputate ullamcorper magna. Sed eu eros. Nam consequat dolor vitae dolor. Donec fringilla. Donec feugiat metus sit amet ante. Vivamus non lorem vitae odio sagittis semper. Nam tempor diam dictum'),
       (40,81,'true','purus mauris a nunc. In at pede. Cras vulputate velit eu sem. Pellentesque ut ipsum ac mi eleifend egestas. Sed pharetra, felis eget varius ultrices, mauris ipsum porta elit, a feugiat tellus lorem eu metus. In lorem. Donec elementum, lorem ut aliquam iaculis, lacus pede sagittis augue, eu'),
       (41,7,'true','lectus sit amet luctus vulputate, nisi sem semper erat, in consectetuer ipsum nunc id enim. Curabitur massa. Vestibulum accumsan neque et nunc. Quisque ornare tortor at risus. Nunc ac sem ut'),
       (42,94,'true','pellentesque massa lobortis ultrices. Vivamus rhoncus. Donec est. Nunc ullamcorper, velit in aliquet lobortis, nisi nibh lacinia orci, consectetuer euismod est arcu ac orci. Ut semper pretium neque. Morbi quis urna. Nunc quis arcu vel quam dignissim pharetra. Nam ac nulla. In tincidunt congue turpis. In condimentum. Donec at arcu. Vestibulum ante ipsum primis in faucibus orci luctus et ultrices posuere cubilia Curae; Donec tincidunt.'),
       (43,95,'false','litora torquent per conubia nostra, per inceptos hymenaeos. Mauris ut quam vel sapien imperdiet ornare. In faucibus. Morbi vehicula. Pellentesque tincidunt tempus risus. Donec egestas. Duis ac arcu. Nunc mauris. Morbi non'),
       (44,84,'true','non, luctus sit amet, faucibus ut, nulla. Cras eu tellus eu augue porttitor interdum. Sed auctor odio a purus. Duis elementum, dui quis accumsan convallis, ante lectus convallis est, vitae sodales nisi magna sed dui. Fusce aliquam, enim nec tempus scelerisque, lorem ipsum sodales purus, in molestie tortor nibh sit amet orci. Ut sagittis lobortis mauris. Suspendisse aliquet molestie tellus. Aenean egestas hendrerit neque. In ornare sagittis felis. Donec tempor, est ac mattis semper, dui lectus'),
       (45,65,'true','lacus pede sagittis augue, eu tempor erat neque non quam. Pellentesque habitant morbi tristique senectus et netus et malesuada fames ac turpis egestas. Aliquam fringilla cursus purus. Nullam scelerisque neque sed sem egestas blandit. Nam nulla magna, malesuada vel, convallis in, cursus et, eros. Proin ultrices. Duis volutpat nunc sit amet metus. Aliquam erat volutpat. Nulla facilisis. Suspendisse commodo tincidunt nibh. Phasellus nulla. Integer'),
       (46,55,'false','purus mauris a nunc. In at pede. Cras vulputate velit eu sem. Pellentesque ut ipsum ac mi eleifend egestas. Sed pharetra, felis eget varius ultrices, mauris ipsum porta elit, a feugiat tellus lorem eu metus. In lorem. Donec elementum, lorem ut aliquam iaculis, lacus pede sagittis augue, eu tempor erat neque non quam. Pellentesque habitant morbi tristique senectus et netus et malesuada fames ac turpis egestas. Aliquam fringilla'),
       (47,94,'false','malesuada malesuada. Integer id magna et ipsum cursus vestibulum. Mauris magna. Duis dignissim'),
       (48,36,'true','sed libero. Proin sed turpis nec mauris blandit mattis. Cras eget nisi dictum augue malesuada malesuada. Integer id magna et ipsum cursus vestibulum. Mauris magna. Duis dignissim tempor arcu. Vestibulum ut eros non enim commodo'),
       (49,58,'true','nisi. Cum sociis natoque penatibus et magnis dis parturient montes,'),
       (50,87,'false','eleifend. Cras sed leo. Cras vehicula aliquet libero. Integer in magna. Phasellus dolor elit, pellentesque a, facilisis non, bibendum sed, est. Nunc laoreet lectus quis massa. Mauris vestibulum, neque sed dictum eleifend, nunc risus varius orci, in consequat enim diam vel arcu. Curabitur ut odio vel est tempor bibendum. Donec felis orci, adipiscing non, luctus sit amet, faucibus ut, nulla. Cras eu tellus eu augue porttitor interdum. Sed auctor odio a purus. Duis elementum, dui quis accumsan convallis, ante lectus convallis est, vitae sodales nisi magna sed dui. Fusce aliquam, enim nec tempus scelerisque, lorem');

-- Setting --

INSERT INTO "setting" (user_id,
                       email,
                       notifications)
VALUES (1,1,2),
       (2,1,4),
       (3,2,1),
       (4,4,2),
       (5,4,4),
       (6,2,4),
       (7,1,4),
       (8,1,4),
       (9,4,4),
       (10,1,1),
       (11,2,1),
       (12,4,1),
       (13,3,4),
       (14,1,2),
       (15,3,4),
       (16,4,3),
       (17,1,2),
       (18,3,3),
       (19,2,3),
       (20,4,3),
       (21,3,2),
       (22,1,1),
       (23,4,4),
       (24,2,2),
       (25,1,1),
       (26,1,4),
       (27,3,1),
       (28,2,1),
       (29,1,1),
       (30,4,1),
       (31,4,2),
       (32,1,2),
       (33,4,1),
       (34,3,3),
       (35,4,1),
       (36,1,1),
       (37,2,3),
       (38,1,3),
       (39,4,2),
       (40,3,1),
       (41,1,3),
       (42,3,4),
       (43,1,1),
       (44,3,2),
       (45,2,3),
       (46,1,3),
       (47,3,3),
       (48,4,3),
       (49,2,3),
       (50,2,4),
       (51,4,1),
       (52,2,2),
       (53,4,4),
       (54,2,4),
       (55,3,2),
       (56,4,4),
       (57,3,1),
       (58,1,4),
       (59,1,1),
       (60,1,2),
       (61,3,4),
       (62,2,2),
       (63,1,3),
       (64,3,2),
       (65,4,4),
       (66,4,2),
       (67,3,2),
       (68,2,1),
       (69,2,3),
       (70,2,1),
       (71,1,4),
       (72,3,2),
       (73,3,2),
       (74,4,3),
       (75,4,2),
       (76,3,3),
       (77,2,2),
       (78,4,3),
       (79,1,4),
       (80,2,2),
       (81,3,2),
       (82,3,2),
       (83,4,1),
       (84,2,3),
       (85,4,1),
       (86,4,1),
       (87,3,2),
       (88,2,2),
       (89,4,2),
       (90,2,3),
       (91,3,1),
       (92,1,2),
       (93,4,4),
       (94,4,1),
       (95,4,2),
       (96,1,2),
       (97,2,4),
       (98,3,4),
       (99,2,2),
       (100,3,2);

-- Sign_up --

INSERT INTO "sign_up" (individual_id,
                       event_id,
                       confirmed)
VALUES (44,26,'true'),
       (21,86,'true'),
       (21,67,'false'),
       (36,28,'false'),
       (13,14,'true'),
       (2,54,'true'),
       (24,85,'false'),
       (13,77,'true'),
       (29,53,'false'),
       (46,81,'true'),
       (37,64,'false'),
       (39,62,'false'),
       (49,29,'true'),
       (18,84,'false'),
       (10,47,'false'),
       (25,79,'true'),
       (6,92,'true'),
       (25,13,'true'),
       (30,10,'false'),
       (8,89,'true'),
       (13,21,'false'),
       (25,18,'false'),
       (4,33,'true'),
       (30,44,'false'),
       (24,34,'true'),
       (46,42,'false'),
       (20,71,'false'),
       (49,80,'false'),
       (45,95,'true'),
       (30,82,'false'),
       (43,58,'true'),
       (47,95,'false'),
       (3,6,'false'),
       (49,13,'false'),
       (7,8,'false'),
       (40,20,'true'),
       (29,20,'false'),
       (34,93,'false'),
       (19,46,'true'),
       (48,42,'false'),
       (17,97,'true'),
       (31,24,'true'),
       (38,76,'true'),
       (25,81,'false'),
       (41,43,'true'),
       (24,81,'false'),
       (48,66,'true'),
       (26,43,'false'),
       (43,96,'false'),
       (24,70,'false'),
       (11,55,'true'),
       (34,11,'true'),
       (42,43,'true'),
       (35,22,'true'),
       (22,37,'false'),
       (45,33,'true'),
       (50,32,'false'),
       (37,98,'true'),
       (28,39,'true'),
       (27,29,'true'),
       (10,77,'true'),
       (6,98,'true'),
       (28,14,'true'),
       (34,67,'true'),
       (36,13,'false'),
       (16,54,'false'),
       (32,76,'true'),
       (3,31,'true'),
       (49,83,'false'),
       (11,39,'false'),
       (25,4,'false'),
       (34,3,'true'),
       (31,23,'false'),
       (47,37,'true'),
       (22,22,'false'),
       (30,50,'true'),
       (23,5,'false'),
       (14,92,'false'),
       (11,43,'true'),
       (45,14,'false'),
       (8,7,'false'),
       (3,54,'false'),
       (9,32,'false'),
       (41,45,'false'),
       (30,46,'true'),
       (24,44,'false'),
       (19,7,'false'),
       (14,83,'false'),
       (29,13,'false'),
       (14,66,'true'),
       (25,83,'false'),
       (1,39,'true'),
       (15,84,'true'),
       (21,74,'true'),
       (36,81,'true'),
       (32,42,'true'),
       (12,2,'true'),
       (15,18,'false'),
       (8,45,'false'),
       (17,93,'true');

-- Selected_Cause --

INSERT INTO "selected_cause" (user_id,
                              cause_id)
VALUES (1,33),
       (2,85),
       (3,97),
       (4,58),
       (5,71),
       (6,49),
       (7,98),
       (8,14),
       (9,48),
       (10,72),
       (11,40),
       (12,45),
       (13,82),
       (14,66),
       (15,25),
       (16,85),
       (17,84),
       (18,8),
       (19,18),
       (20,90),
       (21,95),
       (22,80),
       (23,45),
       (24,21),
       (25,57),
       (26,16),
       (27,58),
       (28,60),
       (29,93),
       (30,30),
       (31,77),
       (32,53),
       (33,50),
       (34,25),
       (35,52),
       (36,91),
       (37,64),
       (38,9),
       (39,82),
       (40,7),
       (41,60),
       (42,49),
       (43,26),
       (44,58),
       (45,48),
       (46,19),
       (47,68),
       (48,32),
       (49,8),
       (50,62),
       (51,49),
       (52,8),
       (53,20),
       (54,36),
       (55,85),
       (56,22),
       (57,12),
       (58,47),
       (59,55),
       (60,6),
       (61,55),
       (62,25),
       (63,71),
       (64,25),
       (65,89),
       (66,21),
       (67,9),
       (68,85),
       (69,37),
       (70,89),
       (71,88),
       (72,5),
       (73,52),
       (74,72),
       (75,48),
       (76,31),
       (77,50),
       (78,69),
       (79,43),
       (80,7),
       (81,14),
       (82,97),
       (83,19),
       (84,83),
       (85,80),
       (86,47),
       (87,8),
       (88,81),
       (89,100),
       (90,34),
       (91,41),
       (92,22),
       (93,64),
       (94,99),
       (95,55),
       (96,17),
       (97,71),
       (98,41),
       (99,87),
       (100,47);

-- Event_Cause --

INSERT INTO "event_cause" (event_id,
                           cause_id)
VALUES (1,35),
       (2,31),
       (3,91),
       (4,92),
       (5,95),
       (6,53),
       (7,8),
       (8,23),
       (9,34),
       (10,23),
       (11,89),
       (12,78),
       (13,44),
       (14,40),
       (15,55),
       (16,15),
       (17,43),
       (18,43),
       (19,23),
       (20,25),
       (21,18),
       (22,90),
       (23,63),
       (24,14),
       (25,70),
       (26,70),
       (27,63),
       (28,22),
       (29,63),
       (30,19),
       (31,47),
       (32,64),
       (33,15),
       (34,31),
       (35,21),
       (36,49),
       (37,90),
       (38,19),
       (39,12),
       (40,31),
       (41,64),
       (42,41),
       (43,98),
       (44,11),
       (45,23),
       (46,72),
       (47,1),
       (48,69),
       (49,93),
       (50,79),
       (51,1),
       (52,2),
       (53,26),
       (54,55),
       (55,28),
       (56,2),
       (57,29),
       (58,22),
       (59,26),
       (60,8),
       (61,14),
       (62,42),
       (63,39),
       (64,8),
       (65,24),
       (66,18),
       (67,82),
       (68,86),
       (69,14),
       (70,64),
       (71,77),
       (72,36),
       (73,72),
       (74,86),
       (75,76),
       (76,66),
       (77,20),
       (78,31),
       (79,28),
       (80,65),
       (81,94),
       (82,17),
       (83,60),
       (84,10),
       (85,25),
       (86,50),
       (87,48),
       (88,29),
       (89,67),
       (90,77),
       (91,94),
       (92,25),
       (93,44),
       (94,78),
       (95,51),
       (96,99),
       (97,46),
       (98,17),
       (99,7),
       (100,12);

-- Favourite --

INSERT INTO "favourite" (individual_id,
                         event_id)
VALUES (1,2),
       (2,32),
       (3,3),
       (4,81),
       (5,20),
       (6,65),
       (7,98),
       (8,73),
       (9,64),
       (10,90),
       (11,21),
       (12,43),
       (13,34),
       (14,78),
       (15,8),
       (16,8),
       (17,68),
       (18,58),
       (19,23),
       (20,18),
       (21,28),
       (22,99),
       (23,3),
       (24,27),
       (25,60),
       (26,51),
       (27,18),
       (28,20),
       (29,91),
       (30,98),
       (31,24),
       (32,16),
       (33,99),
       (34,50),
       (35,63),
       (36,58),
       (37,59),
       (38,3),
       (39,7),
       (40,82),
       (41,16),
       (42,78),
       (43,30),
       (44,4),
       (45,88),
       (46,37),
       (47,34),
       (48,82),
       (49,25),
       (50,54);

-- Information --

INSERT INTO "information" (TYPE,
                           content)
VALUES ('terms ','luctus ut, pellentesque eget, dictum placerat, augue. Sed molestie. Sed id'),
       (' about ','amet lorem semper auctor. Mauris vel turpis. Aliquam adipiscing lobortis risus. In mi pede, nonummy ut, molestie in, tempus eu, ligula. Aenean euismod mauris eu elit. Nulla facilisi. Sed neque. Sed eget lacus. Mauris non dui nec urna suscipit nonummy. Fusce');

-- Report_user

INSERT INTO "report_user" (user_reported,
                           TYPE,
                           message,
                           user_reporting)
VALUES (7,'eu','metus',85),
       (79,'vitae','penatibus et magnis dis',63),
       (82,'malesuada','fringilla cursus purus. Nullam scelerisque neque sed sem',49),
       (86,'nulla.','gravida sit amet, dapibus id, blandit at, nisi. Cum',52),
       (5,'id,','gravida non, sollicitudin a, malesuada',22),
       (51,'scelerisque,','et magnis dis parturient montes, nascetur ridiculus mus. Donec',11),
       (95,'Nunc','semper pretium neque. Morbi quis',35),
       (17,'ipsum','dictum eleifend, nunc risus varius orci, in consequat enim diam',84),
       (34,'imperdiet','Ut tincidunt orci quis lectus.',26),
       (73,'metus.','urna suscipit nonummy.',39),
       (9,'Vivamus','venenatis a, magna. Lorem ipsum dolor',57),
       (27,'Donec','mauris sagittis placerat. Cras dictum ultricies ligula. Nullam enim. Sed',73),
       (76,'tempus,','interdum feugiat. Sed nec metus facilisis',100),
       (89,'dui','hendrerit consectetuer, cursus',79),
       (62,'nec,','aliquet vel, vulputate eu,',93),
       (72,'tempus','ac, fermentum vel, mauris. Integer sem',81),
       (18,'taciti','ultrices, mauris ipsum',57),
       (46,'cursus','orci. Phasellus dapibus quam quis diam.',86),
       (22,'ante','mauris id',40),
       (31,'neque.','et pede. Nunc sed orci lobortis augue scelerisque',38),
       (35,'Aliquam','parturient montes, nascetur ridiculus',74),
       (44,'hendrerit','dictum. Phasellus in felis. Nulla tempor',54),
       (20,'nonummy','egestas nunc sed libero.',33),
       (42,'iaculis','tincidunt, nunc ac mattis ornare, lectus ante dictum',9),
       (82,'ante','semper erat, in consectetuer',34),
       (16,'lacus','imperdiet non, vestibulum nec, euismod',82),
       (66,'Etiam','parturient montes, nascetur ridiculus mus. Proin vel arcu eu',10),
       (86,'mollis','risus. Quisque',58),
       (38,'Phasellus','eu, odio. Phasellus at augue id ante dictum',44),
       (59,'odio','libero. Morbi accumsan laoreet ipsum. Curabitur consequat,',10),
       (57,'et,','Nunc pulvinar',97),
       (70,'convallis','et tristique pellentesque, tellus',70),
       (69,'In','luctus',48),
       (23,'diam','lobortis. Class aptent taciti',58),
       (15,'purus.','non, lobortis quis, pede. Suspendisse dui. Fusce diam',77),
       (33,'arcu','non dui nec urna suscipit nonummy. Fusce fermentum',62),
       (49,'molestie','Suspendisse sagittis. Nullam',70),
       (81,'ligula.','et tristique',17),
       (22,'sed','eros nec tellus. Nunc lectus',27),
       (88,'ultrices,','malesuada fames ac turpis egestas. Aliquam',71),
       (6,'nisi.','Nunc ac sem ut dolor dapibus gravida. Aliquam tincidunt, nunc',65),
       (85,'gravida','Phasellus elit pede, malesuada vel, venenatis vel,',93),
       (36,'ligula.','dapibus rutrum, justo. Praesent luctus. Curabitur egestas nunc sed libero.',85),
       (93,'tellus','augue id ante dictum cursus. Nunc',16),
       (56,'nec','vehicula risus.',69),
       (85,'nibh.','sed, facilisis vitae, orci. Phasellus dapibus quam quis diam. Pellentesque',51),
       (22,'ac','urna et arcu imperdiet ullamcorper. Duis at',98),
       (63,'Pellentesque','neque. Sed eget lacus. Mauris',43),
       (97,'sagittis.','fermentum metus. Aenean',28),
       (15,'lorem','mi felis, adipiscing',12),
       (61,'dapibus','Sed eget lacus. Mauris non dui nec urna',22),
       (59,'amet,','et, magna. Praesent interdum ligula eu',89),
       (3,'ac','dolor. Fusce',26),
       (33,'tristique','sed turpis nec mauris',39),
       (42,'vel','odio a purus.',19),
       (74,'tempus','Nulla tempor augue ac ipsum. Phasellus vitae',67),
       (43,'adipiscing','luctus et ultrices posuere',59),
       (18,'iaculis,','convallis convallis dolor. Quisque tincidunt pede ac urna.',92),
       (33,'ultrices','Nulla facilisi. Sed neque. Sed eget lacus.',63),
       (5,'mauris','Donec egestas. Aliquam nec enim. Nunc ut erat. Sed',90),
       (47,'id','lorem eu',60),
       (67,'ante,','magna.',72),
       (11,'Quisque','ipsum porta elit, a feugiat tellus lorem eu metus.',53),
       (47,'consectetuer','nisl sem, consequat',44),
       (55,'semper','ac facilisis facilisis, magna tellus faucibus leo,',46),
       (86,'elementum','odio. Etiam ligula tortor, dictum eu, placerat',22),
       (89,'Nullam','nec luctus felis',25),
       (25,'Aliquam','Praesent eu dui. Cum sociis natoque penatibus et magnis',6),
       (46,'risus.','mollis. Duis sit amet diam eu dolor egestas rhoncus.',22),
       (38,'mauris,','Nam porttitor scelerisque neque.',29),
       (41,'fringilla,','nibh. Quisque nonummy ipsum non',3),
       (21,'consectetuer','sit amet ante.',4),
       (18,'Curabitur','Curabitur consequat, lectus sit amet luctus vulputate, nisi sem semper',54),
       (10,'arcu.','mollis vitae, posuere',33),
       (14,'tempor','nec quam. Curabitur vel lectus. Cum sociis natoque penatibus',66),
       (76,'suscipit','Aenean euismod mauris eu elit. Nulla facilisi.',47),
       (22,'sapien,','sollicitudin adipiscing ligula. Aenean',11),
       (27,'blandit','a, dui. Cras pellentesque. Sed dictum.',69),
       (66,'bibendum','porttitor vulputate, posuere vulputate,',72),
       (77,'morbi','dignissim.',1),
       (28,'odio.','a, aliquet vel, vulputate eu, odio. Phasellus at augue',67),
       (37,'Fusce','nunc ac mattis ornare,',81),
       (99,'natoque','penatibus et magnis dis parturient montes,',78),
       (79,'feugiat','urna et arcu imperdiet ullamcorper. Duis at',18),
       (36,'et','vehicula risus. Nulla eget',5),
       (19,'Mauris','convallis ligula. Donec luctus',62),
       (19,'gravida','vestibulum. Mauris magna.',61),
       (77,'consectetuer,','auctor odio a purus. Duis elementum, dui quis accumsan convallis,',84),
       (32,'nulla','Integer urna. Vivamus molestie',62),
       (94,'nec','vel, faucibus id, libero. Donec consectetuer mauris id sapien. Cras',73),
       (22,'magnis','Nullam scelerisque neque sed sem egestas',70),
       (82,'lacus.','mauris',3),
       (12,'rutrum,','lobortis risus. In mi pede, nonummy ut, molestie in, tempus',84),
       (63,'luctus','sollicitudin adipiscing',7),
       (23,'risus.','metus. Aliquam erat volutpat. Nulla facilisis. Suspendisse commodo',49),
       (47,'nec','quis lectus. Nullam suscipit,',58),
       (64,'sit','pretium et, rutrum',79),
       (34,'Curabitur','egestas a,',29),
       (39,'Aliquam','egestas ligula. Nullam feugiat placerat velit. Quisque varius. Nam',57),
       (39,'dolor','justo eu arcu. Morbi sit',1);

ALTER SEQUENCE complaint_id_seq RESTART WITH 1;

-- Complaint --

INSERT INTO "complaint" (TYPE,
                         message,
                         user_id)
VALUES ('Sed nunc','magna a neque. Nullam ut nisi a odio semper cursus.',1),
       ('Duis ac','arcu et pede. Nunc sed orci lobortis augue scelerisque mollis.',2),
       ('elit, pellentesque','orci sem eget massa. Suspendisse eleifend. Cras sed leo. Cras',3),
       ('dui lectus','mauris ipsum porta elit, a feugiat tellus lorem eu metus.',4),
       ('orci. Donec','pede. Cras vulputate velit eu sem. Pellentesque ut ipsum ac',5),
       ('Sed nulla','Fusce diam nunc, ullamcorper eu, euismod ac, fermentum vel, mauris.',6),
       ('Sed molestie.','malesuada ut, sem. Nulla interdum. Curabitur dictum. Phasellus in felis.',7),
       ('Nunc ullamcorper,','rhoncus id, mollis nec, cursus a, enim. Suspendisse aliquet, sem',8),
       ('sodales at,','Pellentesque ut ipsum ac mi eleifend egestas. Sed pharetra, felis',9),
       ('nunc, ullamcorper','fermentum vel, mauris. Integer sem elit, pharetra ut, pharetra sed,',10),
       ('risus, at','volutpat. Nulla dignissim. Maecenas ornare egestas ligula. Nullam feugiat placerat',11),
       ('quis massa.','ut, sem. Nulla interdum. Curabitur dictum. Phasellus in felis. Nulla',12),
       ('dolor sit','sem. Nulla interdum. Curabitur dictum. Phasellus in felis. Nulla tempor',13),
       ('quis accumsan','pharetra nibh. Aliquam ornare, libero at auctor ullamcorper, nisl arcu',14),
       ('Proin nisl','sit amet luctus vulputate, nisi sem semper erat, in consectetuer',15),
       ('diam nunc,','ac urna. Ut tincidunt vehicula risus. Nulla eget metus eu',16),
       ('vulputate, nisi','magna. Lorem ipsum dolor sit amet, consectetuer adipiscing elit. Etiam',17),
       ('tellus eu','elit, a feugiat tellus lorem eu metus. In lorem. Donec',18),
       ('erat, in','urna et arcu imperdiet ullamcorper. Duis at lacus. Quisque purus',19),
       ('Mauris nulla.','pharetra, felis eget varius ultrices, mauris ipsum porta elit, a',20),
       ('In ornare','metus urna convallis erat, eget tincidunt dui augue eu tellus.',21),
       ('ac risus.','egestas, urna justo faucibus lectus, a sollicitudin orci sem eget',22),
       ('Nunc quis','eget, volutpat ornare, facilisis eget, ipsum. Donec sollicitudin adipiscing ligula.',23),
       ('dui. Suspendisse','urna, nec luctus felis purus ac tellus. Suspendisse sed dolor.',24),
       ('sit amet','Etiam bibendum fermentum metus. Aenean sed pede nec ante blandit',25),
       ('a sollicitudin','Suspendisse commodo tincidunt nibh. Phasellus nulla. Integer vulputate, risus a',26),
       ('Donec egestas.','malesuada. Integer id magna et ipsum cursus vestibulum. Mauris magna.',27),
       ('Aliquam tincidunt,','Aliquam rutrum lorem ac risus. Morbi metus. Vivamus euismod urna.',28),
       ('porttitor vulputate,','Donec dignissim magna a tortor. Nunc commodo auctor velit. Aliquam',29),
       ('mi. Aliquam','odio semper cursus. Integer mollis. Integer tincidunt aliquam arcu. Aliquam',30),
       ('non enim.','est arcu ac orci. Ut semper pretium neque. Morbi quis',31),
       ('tempus scelerisque,','rhoncus. Donec est. Nunc ullamcorper, velit in aliquet lobortis, nisi',32),
       ('Cum sociis','facilisis. Suspendisse commodo tincidunt nibh. Phasellus nulla. Integer vulputate, risus',33),
       ('conubia nostra,','malesuada id, erat. Etiam vestibulum massa rutrum magna. Cras convallis',34),
       ('elit, dictum','ut aliquam iaculis, lacus pede sagittis augue, eu tempor erat',35),
       ('et, rutrum','elit, pellentesque a, facilisis non, bibendum sed, est. Nunc laoreet',36),
       ('fringilla. Donec','in consequat enim diam vel arcu. Curabitur ut odio vel',37),
       ('et malesuada','consectetuer rhoncus. Nullam velit dui, semper et, lacinia vitae, sodales',38),
       ('et ultrices','erat vitae risus. Duis a mi fringilla mi lacinia mattis.',39),
       ('amet luctus','blandit mattis. Cras eget nisi dictum augue malesuada malesuada. Integer',40),
       ('erat volutpat.','mauris erat eget ipsum. Suspendisse sagittis. Nullam vitae diam. Proin',41),
       ('felis orci,','euismod urna. Nullam lobortis quam a felis ullamcorper viverra. Maecenas',42),
       ('interdum. Curabitur','vulputate velit eu sem. Pellentesque ut ipsum ac mi eleifend',43),
       ('at fringilla','odio sagittis semper. Nam tempor diam dictum sapien. Aenean massa.',44),
       ('augue malesuada','convallis, ante lectus convallis est, vitae sodales nisi magna sed',45),
       ('ullamcorper. Duis','sed, est. Nunc laoreet lectus quis massa. Mauris vestibulum, neque',46),
       ('porta elit,','neque sed dictum eleifend, nunc risus varius orci, in consequat',47),
       ('metus. Aenean','molestie. Sed id risus quis diam luctus lobortis. Class aptent',48),
       ('orci. Donec','molestie tellus. Aenean egestas hendrerit neque. In ornare sagittis felis.',49),
       ('natoque penatibus','dui, semper et, lacinia vitae, sodales at, velit. Pellentesque ultricies',50),
       ('id magna','facilisi. Sed neque. Sed eget lacus. Mauris non dui nec',51),
       ('felis eget','Lorem ipsum dolor sit amet, consectetuer adipiscing elit. Etiam laoreet,',52),
       ('et netus','scelerisque, lorem ipsum sodales purus, in molestie tortor nibh sit',53),
       ('interdum enim','lectus ante dictum mi, ac mattis velit justo nec ante.',54),
       ('vestibulum nec,','mollis lectus pede et risus. Quisque libero lacus, varius et,',55),
       ('elit sed','ut odio vel est tempor bibendum. Donec felis orci, adipiscing',56),
       ('blandit. Nam','Donec tincidunt. Donec vitae erat vel pede blandit congue. In',57),
       ('Sed eu','lorem tristique aliquet. Phasellus fermentum convallis ligula. Donec luctus aliquet',58),
       ('nec, euismod','Nam ligula elit, pretium et, rutrum non, hendrerit id, ante.',59),
       ('sem ut','tincidunt nibh. Phasellus nulla. Integer vulputate, risus a ultricies adipiscing,',60),
       ('ridiculus mus.','Lorem ipsum dolor sit amet, consectetuer adipiscing elit. Aliquam auctor,',61),
       ('vitae dolor.','Morbi vehicula. Pellentesque tincidunt tempus risus. Donec egestas. Duis ac',62),
       ('arcu imperdiet','interdum. Curabitur dictum. Phasellus in felis. Nulla tempor augue ac',63),
       ('et, euismod','Fusce mollis. Duis sit amet diam eu dolor egestas rhoncus.',64),
       ('luctus ut,','eu, euismod ac, fermentum vel, mauris. Integer sem elit, pharetra',65),
       ('nec, leo.','iaculis enim, sit amet ornare lectus justo eu arcu. Morbi',66),
       ('vitae aliquam','ultrices posuere cubilia Curae; Phasellus ornare. Fusce mollis. Duis sit',67),
       ('euismod in,','et ultrices posuere cubilia Curae; Phasellus ornare. Fusce mollis. Duis',68),
       ('orci, adipiscing','Pellentesque habitant morbi tristique senectus et netus et malesuada fames',69),
       ('consectetuer ipsum','non ante bibendum ullamcorper. Duis cursus, diam at pretium aliquet,',70),
       ('cursus. Integer','eros turpis non enim. Mauris quis turpis vitae purus gravida',71),
       ('neque tellus,','gravida molestie arcu. Sed eu nibh vulputate mauris sagittis placerat.',72),
       ('Etiam ligula','nisi. Cum sociis natoque penatibus et magnis dis parturient montes,',73),
       ('Cras dictum','auctor non, feugiat nec, diam. Duis mi enim, condimentum eget,',74),
       ('sed pede','blandit enim consequat purus. Maecenas libero est, congue a, aliquet',75),
       ('nascetur ridiculus','nascetur ridiculus mus. Donec dignissim magna a tortor. Nunc commodo',76),
       ('fringilla mi','lacus. Aliquam rutrum lorem ac risus. Morbi metus. Vivamus euismod',77),
       ('faucibus orci','nec metus facilisis lorem tristique aliquet. Phasellus fermentum convallis ligula.',78),
       ('erat. Vivamus','Mauris magna. Duis dignissim tempor arcu. Vestibulum ut eros non',79),
       ('euismod et,','eu erat semper rutrum. Fusce dolor quam, elementum at, egestas',80),
       ('Praesent luctus.','iaculis aliquet diam. Sed diam lorem, auctor quis, tristique ac,',81),
       ('quis turpis','vulputate eu, odio. Phasellus at augue id ante dictum cursus.',82),
       ('facilisis lorem','in magna. Phasellus dolor elit, pellentesque a, facilisis non, bibendum',83),
       ('congue. In','adipiscing elit. Curabitur sed tortor. Integer aliquam adipiscing lacus. Ut',84),
       ('magnis dis','magna tellus faucibus leo, in lobortis tellus justo sit amet',85),
       ('Quisque tincidunt','Fusce mollis. Duis sit amet diam eu dolor egestas rhoncus.',86),
       ('semper, dui','Fusce diam nunc, ullamcorper eu, euismod ac, fermentum vel, mauris.',87),
       ('orci quis','eros nec tellus. Nunc lectus pede, ultrices a, auctor non,',88),
       ('vitae erat','tellus lorem eu metus. In lorem. Donec elementum, lorem ut',89),
       ('justo faucibus','consequat nec, mollis vitae, posuere at, velit. Cras lorem lorem,',90),
       ('lectus sit','sed, hendrerit a, arcu. Sed et libero. Proin mi. Aliquam',91),
       ('consequat nec,','eu augue porttitor interdum. Sed auctor odio a purus. Duis',92),
       ('feugiat metus','in consequat enim diam vel arcu. Curabitur ut odio vel',93),
       ('elementum at,','Nullam feugiat placerat velit. Quisque varius. Nam porttitor scelerisque neque.',94),
       ('commodo tincidunt','pulvinar arcu et pede. Nunc sed orci lobortis augue scelerisque',95),
       ('et malesuada','Donec egestas. Aliquam nec enim. Nunc ut erat. Sed nunc',96),
       ('elit elit','erat, in consectetuer ipsum nunc id enim. Curabitur massa. Vestibulum',97),
       ('lacinia at,','quam. Pellentesque habitant morbi tristique senectus et netus et malesuada',98),
       ('Phasellus nulla.','Integer urna. Vivamus molestie dapibus ligula. Aliquam erat volutpat. Nulla',99),
       ('augue id','egestas hendrerit neque. In ornare sagittis felis. Donec tempor, est',100);
